query_id,query,split,query_family,query_type,intent_definition,pool_positive_terms,pool_boundary_terms,query_set_version,status
q_가구_01,가구,test,가구,T1 정확표기,생활·마트 중 '가구'를 판매·제공하는 매장,가구|가구점|소파|인테리어|침대,,query_set_v004,active
q_가구_02,가구점,test,가구,T2 동의어,생활·마트 중 '가구'를 판매·제공하는 매장,가구|가구점|소파|인테리어|침대,,query_set_v004,active
q_가구_03,소파,test,가구,T2 동의어,생활·마트 중 '가구'를 판매·제공하는 매장,가구|가구점|소파|인테리어|침대,,query_set_v004,active
q_가구_04,인테리어,test,가구,T2 동의어,생활·마트 중 '가구'를 판매·제공하는 매장,가구|가구점|소파|인테리어|침대,,query_set_v004,active
q_가구_05,침대,test,가구,T2 동의어,생활·마트 중 '가구'를 판매·제공하는 매장,가구|가구점|소파|인테리어|침대,,query_set_v004,active
q_가구_06,가구 사는 데,test,가구,T4 구어·문장,생활·마트 중 '가구'를 판매·제공하는 매장,가구|가구점|소파|인테리어|침대,,query_set_v004,active
q_가구_07,책상 의자 파는 곳,test,가구,T4 구어·문장,생활·마트 중 '가구'를 판매·제공하는 매장,가구|가구점|소파|인테리어|침대,,query_set_v004,active
q_가구_08,가구추천,test,가구,T6 기계변형,생활·마트 중 '가구'를 판매·제공하는 매장,가구|가구점|소파|인테리어|침대,,query_set_v004,active
q_가구_09,가두,test,가구,T6 기계변형,생활·마트 중 '가구'를 판매·제공하는 매장,가구|가구점|소파|인테리어|침대,,query_set_v004,active
q_가방_01,가방,train,가방,T1 정확표기,패션·잡화 중 '가방'을 판매·제공하는 매장,가방|가방 파는 곳|지갑|파우치,생활잡화|여행사,query_set_v004,active
q_가방_02,가방 파는 곳,train,가방,T2 동의어,패션·잡화 중 '가방'을 판매·제공하는 매장,가방|가방 파는 곳|지갑|파우치,생활잡화|여행사,query_set_v004,active
q_가방_03,지갑,train,가방,T2 동의어,패션·잡화 중 '가방'을 판매·제공하는 매장,가방|가방 파는 곳|지갑|파우치,생활잡화|여행사,query_set_v004,active
q_가방_04,파우치,train,가방,T2 동의어,패션·잡화 중 '가방'을 판매·제공하는 매장,가방|가방 파는 곳|지갑|파우치,생활잡화|여행사,query_set_v004,active
q_가방_05,패션잡화,train,가방,T3 개념확장,패션·잡화 중 '가방'을 판매·제공하는 매장,가방|가방 파는 곳|지갑|파우치,생활잡화|여행사,query_set_v004,active
q_가방_06,가반,train,가방,T6 기계변형,패션·잡화 중 '가방'을 판매·제공하는 매장,가방|가방 파는 곳|지갑|파우치,생활잡화|여행사,query_set_v004,active
q_가방_07,가방추천,train,가방,T6 기계변형,패션·잡화 중 '가방'을 판매·제공하는 매장,가방|가방 파는 곳|지갑|파우치,생활잡화|여행사,query_set_v004,active
q_가전_01,전자제품,test,가전,T1 정확표기,생활·마트 중 '가전'을 판매·제공하는 매장,전자제품|전자제품 매장,,query_set_v004,active
q_가전_02,전자제품 매장,test,가전,T2 동의어,생활·마트 중 '가전'을 판매·제공하는 매장,전자제품|전자제품 매장,,query_set_v004,active
q_가전_03,가전제품 파는 곳,test,가전,T4 구어·문장,생활·마트 중 '가전'을 판매·제공하는 매장,전자제품|전자제품 매장,,query_set_v004,active
q_가전_04,전자제품 살 데,test,가전,T4 구어·문장,생활·마트 중 '가전'을 판매·제공하는 매장,전자제품|전자제품 매장,,query_set_v004,active
q_간식_01,간식,test,간식,T1 정확표기,카페·디저트 중 '간식'을 판매·제공하는 매장,간식|과자|꽈배기|샌드위치,제과점,query_set_v004,active
q_간식_02,과자,test,간식,T2 동의어,카페·디저트 중 '간식'을 판매·제공하는 매장,간식|과자|꽈배기|샌드위치,제과점,query_set_v004,active
q_간식_03,꽈배기,test,간식,T2 동의어,카페·디저트 중 '간식'을 판매·제공하는 매장,간식|과자|꽈배기|샌드위치,제과점,query_set_v004,active
q_간식_04,샌드위치,test,간식,T2 동의어,카페·디저트 중 '간식'을 판매·제공하는 매장,간식|과자|꽈배기|샌드위치,제과점,query_set_v004,active
q_간식_05,간식추천,test,간식,T6 기계변형,카페·디저트 중 '간식'을 판매·제공하는 매장,간식|과자|꽈배기|샌드위치,제과점,query_set_v004,active
q_간식_06,간싣,test,간식,T6 기계변형,카페·디저트 중 '간식'을 판매·제공하는 매장,간식|과자|꽈배기|샌드위치,제과점,query_set_v004,active
q_건강식품_01,건강기능식품,test,건강식품,T2 동의어,식료품 중 '건강식품'을 판매·제공하는 매장,건강기능식품|인삼|홍삼,건강식품 일반|약국|의약품,query_set_v004,active
q_건강식품_02,인삼,test,건강식품,T2 동의어,식료품 중 '건강식품'을 판매·제공하는 매장,건강기능식품|인삼|홍삼,건강식품 일반|약국|의약품,query_set_v004,active
q_건강식품_03,홍삼,test,건강식품,T2 동의어,식료품 중 '건강식품'을 판매·제공하는 매장,건강기능식품|인삼|홍삼,건강식품 일반|약국|의약품,query_set_v004,active
q_건강식품_04,건강식품,test,건강식품,T3 개념확장,식료품 중 '건강식품'을 판매·제공하는 매장,건강기능식품|인삼|홍삼,건강식품 일반|약국|의약품,query_set_v004,active
q_건강식품_05,수삼,test,건강식품,T3 개념확장,식료품 중 '건강식품'을 판매·제공하는 매장,건강기능식품|인삼|홍삼,건강식품 일반|약국|의약품,query_set_v004,active
q_건강식품_06,칡즙,test,건강식품,T3 개념확장,식료품 중 '건강식품'을 판매·제공하는 매장,건강기능식품|인삼|홍삼,건강식품 일반|약국|의약품,query_set_v004,active
q_건강식품_07,건강즙 짜는 곳,test,건강식품,T4 구어·문장,식료품 중 '건강식품'을 판매·제공하는 매장,건강기능식품|인삼|홍삼,건강식품 일반|약국|의약품,query_set_v004,active
q_건강식품_08,건강 식품,test,건강식품,T6 기계변형,식료품 중 '건강식품'을 판매·제공하는 매장,건강기능식품|인삼|홍삼,건강식품 일반|약국|의약품,query_set_v004,active
q_건강식품_09,건강식푼,test,건강식품,T6 기계변형,식료품 중 '건강식품'을 판매·제공하는 매장,건강기능식품|인삼|홍삼,건강식품 일반|약국|의약품,query_set_v004,active
q_건어물_01,건어물,train,건어물,T1 정확표기,식료품 중 '건어물'을 판매·제공하는 매장,건어물|멸치|미역|오징어,,query_set_v004,active
q_건어물_02,멸치,train,건어물,T2 동의어,식료품 중 '건어물'을 판매·제공하는 매장,건어물|멸치|미역|오징어,,query_set_v004,active
q_건어물_03,미역,train,건어물,T2 동의어,식료품 중 '건어물'을 판매·제공하는 매장,건어물|멸치|미역|오징어,,query_set_v004,active
q_건어물_04,오징어,train,건어물,T2 동의어,식료품 중 '건어물'을 판매·제공하는 매장,건어물|멸치|미역|오징어,,query_set_v004,active
q_건어물_05,건어물추천,train,건어물,T6 기계변형,식료품 중 '건어물'을 판매·제공하는 매장,건어물|멸치|미역|오징어,,query_set_v004,active
q_건어물_06,건어뭉,train,건어물,T6 기계변형,식료품 중 '건어물'을 판매·제공하는 매장,건어물|멸치|미역|오징어,,query_set_v004,active
q_공예_01,공예,val,공예,T1 정확표기,문화·여가 중 '공예'를 판매·제공하는 매장,공방|공예|공예품|기념품,가죽제품 판매,query_set_v004,active
q_공예_02,공방,val,공예,T2 동의어,문화·여가 중 '공예'를 판매·제공하는 매장,공방|공예|공예품|기념품,가죽제품 판매,query_set_v004,active
q_공예_03,공예품,val,공예,T2 동의어,문화·여가 중 '공예'를 판매·제공하는 매장,공방|공예|공예품|기념품,가죽제품 판매,query_set_v004,active
q_공예_04,기념품,val,공예,T2 동의어,문화·여가 중 '공예'를 판매·제공하는 매장,공방|공예|공예품|기념품,가죽제품 판매,query_set_v004,active
q_공예_05,가죽 공방,val,공예,T4 구어·문장,문화·여가 중 '공예'를 판매·제공하는 매장,공방|공예|공예품|기념품,가죽제품 판매,query_set_v004,active
q_공예_06,공녜,val,공예,T6 기계변형,문화·여가 중 '공예'를 판매·제공하는 매장,공방|공예|공예품|기념품,가죽제품 판매,query_set_v004,active
q_공예_07,공예추천,val,공예,T6 기계변형,문화·여가 중 '공예'를 판매·제공하는 매장,공방|공예|공예품|기념품,가죽제품 판매,query_set_v004,active
q_과일_01,과일,val,과일,T1 정확표기,식료품 중 '과일'을 판매·제공하는 매장,과일|과일가게|사과|청과,과일주스|디저트카페|생과일주스,query_set_v004,active
q_과일_02,과일가게,val,과일,T2 동의어,식료품 중 '과일'을 판매·제공하는 매장,과일|과일가게|사과|청과,과일주스|디저트카페|생과일주스,query_set_v004,active
q_과일_03,사과,val,과일,T2 동의어,식료품 중 '과일'을 판매·제공하는 매장,과일|과일가게|사과|청과,과일주스|디저트카페|생과일주스,query_set_v004,active
q_과일_04,청과,val,과일,T2 동의어,식료품 중 '과일'을 판매·제공하는 매장,과일|과일가게|사과|청과,과일주스|디저트카페|생과일주스,query_set_v004,active
q_과일_05,딸기,val,과일,T3 개념확장,식료품 중 '과일'을 판매·제공하는 매장,과일|과일가게|사과|청과,과일주스|디저트카페|생과일주스,query_set_v004,active
q_과일_06,과일 사는 곳,val,과일,T4 구어·문장,식료품 중 '과일'을 판매·제공하는 매장,과일|과일가게|사과|청과,과일주스|디저트카페|생과일주스,query_set_v004,active
q_과일_07,과일 사는 데,val,과일,T4 구어·문장,식료품 중 '과일'을 판매·제공하는 매장,과일|과일가게|사과|청과,과일주스|디저트카페|생과일주스,query_set_v004,active
q_과일_08,과일 선물할 거,val,과일,T4 구어·문장,식료품 중 '과일'을 판매·제공하는 매장,과일|과일가게|사과|청과,과일주스|디저트카페|생과일주스,query_set_v004,active
q_과일_09,과일 파는 곳,val,과일,T4 구어·문장,식료품 중 '과일'을 판매·제공하는 매장,과일|과일가게|사과|청과,과일주스|디저트카페|생과일주스,query_set_v004,active
q_과일_10,과일추천,val,과일,T6 기계변형,식료품 중 '과일'을 판매·제공하는 매장,과일|과일가게|사과|청과,과일주스|디저트카페|생과일주스,query_set_v004,active
q_과일_11,과잉,val,과일,T6 기계변형,식료품 중 '과일'을 판매·제공하는 매장,과일|과일가게|사과|청과,과일주스|디저트카페|생과일주스,query_set_v004,active
q_교육_01,배우러 다니는 곳,train,교육,T4 구어·문장,교육 중 '교육'을 판매·제공하는 매장,교습소|교육|미술|피아노|학원,,query_set_v004,active
q_교육_02,교육,train,교육,T1 정확표기,교육 중 '교육'을 판매·제공하는 매장,교습소|교육|미술|피아노|학원,,query_set_v004,active
q_교육_03,학원,train,교육,T1 정확표기,교육 중 '교육'을 판매·제공하는 매장,교습소|교육|미술|피아노|학원,,query_set_v004,active
q_교육_04,교습소,train,교육,T2 동의어,교육 중 '교육'을 판매·제공하는 매장,교습소|교육|미술|피아노|학원,,query_set_v004,active
q_교육_05,미술,train,교육,T2 동의어,교육 중 '교육'을 판매·제공하는 매장,교습소|교육|미술|피아노|학원,,query_set_v004,active
q_교육_06,피아노,train,교육,T2 동의어,교육 중 '교육'을 판매·제공하는 매장,교습소|교육|미술|피아노|학원,,query_set_v004,active
q_교육_07,학원 다니는 데,train,교육,T4 구어·문장,교육 중 '교육'을 판매·제공하는 매장,교습소|교육|미술|피아노|학원,,query_set_v004,active
q_교육_08,교육추천,train,교육,T6 기계변형,교육 중 '교육'을 판매·제공하는 매장,교습소|교육|미술|피아노|학원,,query_set_v004,active
q_교육_09,교윧,train,교육,T6 기계변형,교육 중 '교육'을 판매·제공하는 매장,교습소|교육|미술|피아노|학원,,query_set_v004,active
q_귀금속_01,금 팔러 가는 곳,test,귀금속,T4 구어·문장,패션·잡화 중 '귀금속'을 판매·제공하는 매장,귀금속|금은방|반지|보석,시계 판매만|시계수리만|액세서리,query_set_v004,active
q_귀금속_02,귀금속,test,귀금속,T1 정확표기,패션·잡화 중 '귀금속'을 판매·제공하는 매장,귀금속|금은방|반지|보석,시계 판매만|시계수리만|액세서리,query_set_v004,active
q_귀금속_03,금은방,test,귀금속,T2 동의어,패션·잡화 중 '귀금속'을 판매·제공하는 매장,귀금속|금은방|반지|보석,시계 판매만|시계수리만|액세서리,query_set_v004,active
q_귀금속_04,반지,test,귀금속,T2 동의어,패션·잡화 중 '귀금속'을 판매·제공하는 매장,귀금속|금은방|반지|보석,시계 판매만|시계수리만|액세서리,query_set_v004,active
q_귀금속_05,보석,test,귀금속,T2 동의어,패션·잡화 중 '귀금속'을 판매·제공하는 매장,귀금속|금은방|반지|보석,시계 판매만|시계수리만|액세서리,query_set_v004,active
q_귀금속_06,시계,test,귀금속,T3 개념확장,패션·잡화 중 '귀금속'을 판매·제공하는 매장,귀금속|금은방|반지|보석,시계 판매만|시계수리만|액세서리,query_set_v004,active
q_귀금속_07,목걸이 반지 파는 곳,test,귀금속,T4 구어·문장,패션·잡화 중 '귀금속'을 판매·제공하는 매장,귀금속|금은방|반지|보석,시계 판매만|시계수리만|액세서리,query_set_v004,active
q_귀금속_08,시계 배터리 가는 곳,test,귀금속,T4 구어·문장,패션·잡화 중 '귀금속'을 판매·제공하는 매장,귀금속|금은방|반지|보석,시계 판매만|시계수리만|액세서리,query_set_v004,active
q_귀금속_09,주얼리 사는 데,test,귀금속,T4 구어·문장,패션·잡화 중 '귀금속'을 판매·제공하는 매장,귀금속|금은방|반지|보석,시계 판매만|시계수리만|액세서리,query_set_v004,active
q_귀금속_10,귀금속추천,test,귀금속,T6 기계변형,패션·잡화 중 '귀금속'을 판매·제공하는 매장,귀금속|금은방|반지|보석,시계 판매만|시계수리만|액세서리,query_set_v004,active
q_귀금속_11,귀금솓,test,귀금속,T6 기계변형,패션·잡화 중 '귀금속'을 판매·제공하는 매장,귀금속|금은방|반지|보석,시계 판매만|시계수리만|액세서리,query_set_v004,active
q_꽃_01,꽃,val,꽃,T1 정확표기,생활서비스 중 '꽃'을 판매·제공하는 매장,꽃|꽃집|생화|생화 가게|플라워|화원,조화|화환대행|화환배달,query_set_v004,active
q_꽃_02,꽃집,val,꽃,T2 동의어,생활서비스 중 '꽃'을 판매·제공하는 매장,꽃|꽃집|생화|생화 가게|플라워|화원,조화|화환대행|화환배달,query_set_v004,active
q_꽃_03,생화,val,꽃,T2 동의어,생활서비스 중 '꽃'을 판매·제공하는 매장,꽃|꽃집|생화|생화 가게|플라워|화원,조화|화환대행|화환배달,query_set_v004,active
q_꽃_04,생화 가게,val,꽃,T2 동의어,생활서비스 중 '꽃'을 판매·제공하는 매장,꽃|꽃집|생화|생화 가게|플라워|화원,조화|화환대행|화환배달,query_set_v004,active
q_꽃_05,플라워,val,꽃,T2 동의어,생활서비스 중 '꽃'을 판매·제공하는 매장,꽃|꽃집|생화|생화 가게|플라워|화원,조화|화환대행|화환배달,query_set_v004,active
q_꽃_06,화원,val,꽃,T2 동의어,생활서비스 중 '꽃'을 판매·제공하는 매장,꽃|꽃집|생화|생화 가게|플라워|화원,조화|화환대행|화환배달,query_set_v004,active
q_꽃_07,꽃 사는 데,val,꽃,T4 구어·문장,생활서비스 중 '꽃'을 판매·제공하는 매장,꽃|꽃집|생화|생화 가게|플라워|화원,조화|화환대행|화환배달,query_set_v004,active
q_꽃_08,꽃다발 파는 곳,val,꽃,T4 구어·문장,생활서비스 중 '꽃'을 판매·제공하는 매장,꽃|꽃집|생화|생화 가게|플라워|화원,조화|화환대행|화환배달,query_set_v004,active
q_꽃_09,생화 사는 곳,val,꽃,T4 구어·문장,생활서비스 중 '꽃'을 판매·제공하는 매장,꽃|꽃집|생화|생화 가게|플라워|화원,조화|화환대행|화환배달,query_set_v004,active
q_꽃_10,꽃추천,val,꽃,T6 기계변형,생활서비스 중 '꽃'을 판매·제공하는 매장,꽃|꽃집|생화|생화 가게|플라워|화원,조화|화환대행|화환배달,query_set_v004,active
q_꽃_11,꽅,val,꽃,T6 기계변형,생활서비스 중 '꽃'을 판매·제공하는 매장,꽃|꽃집|생화|생화 가게|플라워|화원,조화|화환대행|화환배달,query_set_v004,active
q_낚시_01,어망,train,낚시,T3 개념확장,문화·여가 중 '낚시'를 판매·제공하는 매장,,수산물,query_set_v004,active
q_네일_01,네일,train,네일,T1 정확표기,뷰티·미용 중 '네일'을 판매·제공하는 매장,네일|네일샵|네일아트|손톱|젤네일,네일용품 판매,query_set_v004,active
q_네일_02,네일샵,train,네일,T2 동의어,뷰티·미용 중 '네일'을 판매·제공하는 매장,네일|네일샵|네일아트|손톱|젤네일,네일용품 판매,query_set_v004,active
q_네일_03,네일아트,train,네일,T2 동의어,뷰티·미용 중 '네일'을 판매·제공하는 매장,네일|네일샵|네일아트|손톱|젤네일,네일용품 판매,query_set_v004,active
q_네일_04,손톱,train,네일,T2 동의어,뷰티·미용 중 '네일'을 판매·제공하는 매장,네일|네일샵|네일아트|손톱|젤네일,네일용품 판매,query_set_v004,active
q_네일_05,젤네일,train,네일,T2 동의어,뷰티·미용 중 '네일'을 판매·제공하는 매장,네일|네일샵|네일아트|손톱|젤네일,네일용품 판매,query_set_v004,active
q_네일_06,네일 받는 데,train,네일,T4 구어·문장,뷰티·미용 중 '네일'을 판매·제공하는 매장,네일|네일샵|네일아트|손톱|젤네일,네일용품 판매,query_set_v004,active
q_네일_07,손톱 관리 받는 곳,train,네일,T4 구어·문장,뷰티·미용 중 '네일'을 판매·제공하는 매장,네일|네일샵|네일아트|손톱|젤네일,네일용품 판매,query_set_v004,active
q_네일_08,네일 받으러,train,네일,T5 서비스,뷰티·미용 중 '네일'을 판매·제공하는 매장,네일|네일샵|네일아트|손톱|젤네일,네일용품 판매,query_set_v004,active
q_네일_09,네일추천,train,네일,T6 기계변형,뷰티·미용 중 '네일'을 판매·제공하는 매장,네일|네일샵|네일아트|손톱|젤네일,네일용품 판매,query_set_v004,active
q_네일_10,네잉,train,네일,T6 기계변형,뷰티·미용 중 '네일'을 판매·제공하는 매장,네일|네일샵|네일아트|손톱|젤네일,네일용품 판매,query_set_v004,active
q_농자재_01,농기구,train,농자재,T3 개념확장,생활서비스 중 '농자재'를 판매·제공하는 매장,,공구,query_set_v004,active
q_담배_01,담배 파는 곳,train,담배,T4 구어·문장,생활·마트 중 '담배'를 판매·제공하는 매장,,,query_set_v004,active
q_도시락_01,도시락 사는 곳,test,도시락,T4 구어·문장,음식점 중 '도시락'을 판매·제공하는 매장,,한식당,query_set_v004,active
q_두부_01,두부,test,두부,T1 정확표기,식료품 중 '두부'를 판매·제공하는 매장,두부|두부 가게,순두부찌개집,query_set_v004,active
q_두부_02,두부 가게,test,두부,T2 동의어,식료품 중 '두부'를 판매·제공하는 매장,두부|두부 가게,순두부찌개집,query_set_v004,active
q_두부_03,두부 사고 싶어,test,두부,T4 구어·문장,식료품 중 '두부'를 판매·제공하는 매장,두부|두부 가게,순두부찌개집,query_set_v004,active
q_두부_04,두부 살 데,test,두부,T4 구어·문장,식료품 중 '두부'를 판매·제공하는 매장,두부|두부 가게,순두부찌개집,query_set_v004,active
q_두부_05,두부 파는 곳,test,두부,T4 구어·문장,식료품 중 '두부'를 판매·제공하는 매장,두부|두부 가게,순두부찌개집,query_set_v004,active
q_두부_06,수제 두부,test,두부,T4 구어·문장,식료품 중 '두부'를 판매·제공하는 매장,두부|두부 가게,순두부찌개집,query_set_v004,active
q_떡_01,떡,train,떡,T1 정확표기,카페·디저트 중 '떡'을 판매·제공하는 매장,떡|떡집|떡케이크,떡볶이 / 떡볶이집|떡볶이집,query_set_v004,active
q_떡_02,떡집,train,떡,T2 동의어,카페·디저트 중 '떡'을 판매·제공하는 매장,떡|떡집|떡케이크,떡볶이 / 떡볶이집|떡볶이집,query_set_v004,active
q_떡_03,떡케이크,train,떡,T2 동의어,카페·디저트 중 '떡'을 판매·제공하는 매장,떡|떡집|떡케이크,떡볶이 / 떡볶이집|떡볶이집,query_set_v004,active
q_떡_04,떡 사는 곳,train,떡,T4 구어·문장,카페·디저트 중 '떡'을 판매·제공하는 매장,떡|떡집|떡케이크,떡볶이 / 떡볶이집|떡볶이집,query_set_v004,active
q_떡_05,떡 사는 데,train,떡,T4 구어·문장,카페·디저트 중 '떡'을 판매·제공하는 매장,떡|떡집|떡케이크,떡볶이 / 떡볶이집|떡볶이집,query_set_v004,active
q_떡_06,떡 파는 곳,train,떡,T4 구어·문장,카페·디저트 중 '떡'을 판매·제공하는 매장,떡|떡집|떡케이크,떡볶이 / 떡볶이집|떡볶이집,query_set_v004,active
q_떡_07,떡추천,train,떡,T6 기계변형,카페·디저트 중 '떡'을 판매·제공하는 매장,떡|떡집|떡케이크,떡볶이 / 떡볶이집|떡볶이집,query_set_v004,active
q_떡_08,떧,train,떡,T6 기계변형,카페·디저트 중 '떡'을 판매·제공하는 매장,떡|떡집|떡케이크,떡볶이 / 떡볶이집|떡볶이집,query_set_v004,active
q_문구_01,문구,val,문구,T1 정확표기,생활·마트 중 '문구'를 판매·제공하는 매장,문구|문구점|문방구,서점,query_set_v004,active
q_문구_02,문구점,val,문구,T2 동의어,생활·마트 중 '문구'를 판매·제공하는 매장,문구|문구점|문방구,서점,query_set_v004,active
q_문구_03,문방구,val,문구,T2 동의어,생활·마트 중 '문구'를 판매·제공하는 매장,문구|문구점|문방구,서점,query_set_v004,active
q_문구_04,문구 사는 데,val,문구,T4 구어·문장,생활·마트 중 '문구'를 판매·제공하는 매장,문구|문구점|문방구,서점,query_set_v004,active
q_문구_05,학용품 파는 곳,val,문구,T4 구어·문장,생활·마트 중 '문구'를 판매·제공하는 매장,문구|문구점|문방구,서점,query_set_v004,active
q_미용_01,미용,train,미용,T1 정확표기,뷰티·미용 중 '미용'을 판매·제공하는 매장,두발|머리|머리하는 곳|미용|미용실|이발소|헤어샵,가발|두피케어|미용실(여성)|화장품 판매,query_set_v004,active
q_미용_02,두발,train,미용,T2 동의어,뷰티·미용 중 '미용'을 판매·제공하는 매장,두발|머리|머리하는 곳|미용|미용실|이발소|헤어샵,가발|두피케어|미용실(여성)|화장품 판매,query_set_v004,active
q_미용_03,머리,train,미용,T2 동의어,뷰티·미용 중 '미용'을 판매·제공하는 매장,두발|머리|머리하는 곳|미용|미용실|이발소|헤어샵,가발|두피케어|미용실(여성)|화장품 판매,query_set_v004,active
q_미용_04,머리하는 곳,train,미용,T2 동의어,뷰티·미용 중 '미용'을 판매·제공하는 매장,두발|머리|머리하는 곳|미용|미용실|이발소|헤어샵,가발|두피케어|미용실(여성)|화장품 판매,query_set_v004,active
q_미용_05,미용실,train,미용,T2 동의어,뷰티·미용 중 '미용'을 판매·제공하는 매장,두발|머리|머리하는 곳|미용|미용실|이발소|헤어샵,가발|두피케어|미용실(여성)|화장품 판매,query_set_v004,active
q_미용_06,이발소,train,미용,T2 동의어,뷰티·미용 중 '미용'을 판매·제공하는 매장,두발|머리|머리하는 곳|미용|미용실|이발소|헤어샵,가발|두피케어|미용실(여성)|화장품 판매,query_set_v004,active
q_미용_07,헤어샵,train,미용,T2 동의어,뷰티·미용 중 '미용'을 판매·제공하는 매장,두발|머리|머리하는 곳|미용|미용실|이발소|헤어샵,가발|두피케어|미용실(여성)|화장품 판매,query_set_v004,active
q_미용_08,미용 서비스,train,미용,T3 개념확장,뷰티·미용 중 '미용'을 판매·제공하는 매장,두발|머리|머리하는 곳|미용|미용실|이발소|헤어샵,가발|두피케어|미용실(여성)|화장품 판매,query_set_v004,active
q_미용_09,머리 자르는 곳,train,미용,T4 구어·문장,뷰티·미용 중 '미용'을 판매·제공하는 매장,두발|머리|머리하는 곳|미용|미용실|이발소|헤어샵,가발|두피케어|미용실(여성)|화장품 판매,query_set_v004,active
q_미용_10,머리할 데,train,미용,T4 구어·문장,뷰티·미용 중 '미용'을 판매·제공하는 매장,두발|머리|머리하는 곳|미용|미용실|이발소|헤어샵,가발|두피케어|미용실(여성)|화장품 판매,query_set_v004,active
q_미용_11,머리 파마하는 곳,train,미용,T5 서비스,뷰티·미용 중 '미용'을 판매·제공하는 매장,두발|머리|머리하는 곳|미용|미용실|이발소|헤어샵,가발|두피케어|미용실(여성)|화장품 판매,query_set_v004,active
q_미용_12,미욘,train,미용,T6 기계변형,뷰티·미용 중 '미용'을 판매·제공하는 매장,두발|머리|머리하는 곳|미용|미용실|이발소|헤어샵,가발|두피케어|미용실(여성)|화장품 판매,query_set_v004,active
q_미용_13,미용추천,train,미용,T6 기계변형,뷰티·미용 중 '미용'을 판매·제공하는 매장,두발|머리|머리하는 곳|미용|미용실|이발소|헤어샵,가발|두피케어|미용실(여성)|화장품 판매,query_set_v004,active
q_반찬_01,반찬,train,반찬,T1 정확표기,식료품 중 '반찬'을 판매·제공하는 매장,김치|나물|반찬|반찬가게,백반집|한식당,query_set_v004,active
q_반찬_02,김치,train,반찬,T2 동의어,식료품 중 '반찬'을 판매·제공하는 매장,김치|나물|반찬|반찬가게,백반집|한식당,query_set_v004,active
q_반찬_03,나물,train,반찬,T2 동의어,식료품 중 '반찬'을 판매·제공하는 매장,김치|나물|반찬|반찬가게,백반집|한식당,query_set_v004,active
q_반찬_04,반찬가게,train,반찬,T2 동의어,식료품 중 '반찬'을 판매·제공하는 매장,김치|나물|반찬|반찬가게,백반집|한식당,query_set_v004,active
q_반찬_05,반찬 사는 곳,train,반찬,T4 구어·문장,식료품 중 '반찬'을 판매·제공하는 매장,김치|나물|반찬|반찬가게,백반집|한식당,query_set_v004,active
q_반찬_06,반찬 사는 데,train,반찬,T4 구어·문장,식료품 중 '반찬'을 판매·제공하는 매장,김치|나물|반찬|반찬가게,백반집|한식당,query_set_v004,active
q_반찬_07,반찬 파는 곳,train,반찬,T4 구어·문장,식료품 중 '반찬'을 판매·제공하는 매장,김치|나물|반찬|반찬가게,백반집|한식당,query_set_v004,active
q_반찬_08,반찬추천,train,반찬,T6 기계변형,식료품 중 '반찬'을 판매·제공하는 매장,김치|나물|반찬|반찬가게,백반집|한식당,query_set_v004,active
q_반찬_09,반참,train,반찬,T6 기계변형,식료품 중 '반찬'을 판매·제공하는 매장,김치|나물|반찬|반찬가게,백반집|한식당,query_set_v004,active
q_벽지_01,벽지 장판,train,벽지,T3 개념확장,생활서비스 중 '벽지'를 판매·제공하는 매장,,인테리어 시공,query_set_v004,active
q_복합_01,먹거리,test,복합,T3 개념확장,기타 중 '복합'을 판매·제공하는 매장,,생활용품,query_set_v004,active
q_복합_02,명절 선물세트,test,복합,T4 구어·문장,기타 중 '복합'을 판매·제공하는 매장,,생활용품,query_set_v004,active
q_분식_01,분식,test,분식,T1 정확표기,음식점 중 '분식'을 판매·제공하는 매장,김밥|만두|만두집|분식|분식집|순대|토스트|토스트 가게,떡집|분식집,query_set_v004,active
q_분식_02,토스트,test,분식,T1 정확표기,음식점 중 '분식'을 판매·제공하는 매장,김밥|만두|만두집|분식|분식집|순대|토스트|토스트 가게,떡집|분식집,query_set_v004,active
q_분식_03,김밥,test,분식,T2 동의어,음식점 중 '분식'을 판매·제공하는 매장,김밥|만두|만두집|분식|분식집|순대|토스트|토스트 가게,떡집|분식집,query_set_v004,active
q_분식_04,만두,test,분식,T2 동의어,음식점 중 '분식'을 판매·제공하는 매장,김밥|만두|만두집|분식|분식집|순대|토스트|토스트 가게,떡집|분식집,query_set_v004,active
q_분식_05,만두집,test,분식,T2 동의어,음식점 중 '분식'을 판매·제공하는 매장,김밥|만두|만두집|분식|분식집|순대|토스트|토스트 가게,떡집|분식집,query_set_v004,active
q_분식_06,분식집,test,분식,T2 동의어,음식점 중 '분식'을 판매·제공하는 매장,김밥|만두|만두집|분식|분식집|순대|토스트|토스트 가게,떡집|분식집,query_set_v004,active
q_분식_07,순대,test,분식,T2 동의어,음식점 중 '분식'을 판매·제공하는 매장,김밥|만두|만두집|분식|분식집|순대|토스트|토스트 가게,떡집|분식집,query_set_v004,active
q_분식_08,토스트 가게,test,분식,T2 동의어,음식점 중 '분식'을 판매·제공하는 매장,김밥|만두|만두집|분식|분식집|순대|토스트|토스트 가게,떡집|분식집,query_set_v004,active
q_분식_09,간단히 분식 먹을 데,test,분식,T4 구어·문장,음식점 중 '분식'을 판매·제공하는 매장,김밥|만두|만두집|분식|분식집|순대|토스트|토스트 가게,떡집|분식집,query_set_v004,active
q_분식_10,떡볶이 김밥 파는 곳,test,분식,T4 구어·문장,음식점 중 '분식'을 판매·제공하는 매장,김밥|만두|만두집|분식|분식집|순대|토스트|토스트 가게,떡집|분식집,query_set_v004,active
q_분식_11,떡볶이 먹을 곳,test,분식,T4 구어·문장,음식점 중 '분식'을 판매·제공하는 매장,김밥|만두|만두집|분식|분식집|순대|토스트|토스트 가게,떡집|분식집,query_set_v004,active
q_분식_12,만두 먹을 데,test,분식,T4 구어·문장,음식점 중 '분식'을 판매·제공하는 매장,김밥|만두|만두집|분식|분식집|순대|토스트|토스트 가게,떡집|분식집,query_set_v004,active
q_분식_13,만두 파는 곳,test,분식,T4 구어·문장,음식점 중 '분식'을 판매·제공하는 매장,김밥|만두|만두집|분식|분식집|순대|토스트|토스트 가게,떡집|분식집,query_set_v004,active
q_분식_14,어묵,test,분식,T4 구어·문장,음식점 중 '분식'을 판매·제공하는 매장,김밥|만두|만두집|분식|분식집|순대|토스트|토스트 가게,떡집|분식집,query_set_v004,active
q_분식_15,토스트 먹을 데,test,분식,T4 구어·문장,음식점 중 '분식'을 판매·제공하는 매장,김밥|만두|만두집|분식|분식집|순대|토스트|토스트 가게,떡집|분식집,query_set_v004,active
q_분식_16,토스트 파는 곳,test,분식,T4 구어·문장,음식점 중 '분식'을 판매·제공하는 매장,김밥|만두|만두집|분식|분식집|순대|토스트|토스트 가게,떡집|분식집,query_set_v004,active
q_분식_17,분식추천,test,분식,T6 기계변형,음식점 중 '분식'을 판매·제공하는 매장,김밥|만두|만두집|분식|분식집|순대|토스트|토스트 가게,떡집|분식집,query_set_v004,active
q_분식_18,분싣,test,분식,T6 기계변형,음식점 중 '분식'을 판매·제공하는 매장,김밥|만두|만두집|분식|분식집|순대|토스트|토스트 가게,떡집|분식집,query_set_v004,active
q_빵_01,빵,train,빵,T1 정확표기,카페·디저트 중 '빵'을 판매·제공하는 매장,베이커리|빵|빵집|제과,브런치카페|제빵재료상|카페(음료위주),query_set_v004,active
q_빵_02,베이커리,train,빵,T2 동의어,카페·디저트 중 '빵'을 판매·제공하는 매장,베이커리|빵|빵집|제과,브런치카페|제빵재료상|카페(음료위주),query_set_v004,active
q_빵_03,빵집,train,빵,T2 동의어,카페·디저트 중 '빵'을 판매·제공하는 매장,베이커리|빵|빵집|제과,브런치카페|제빵재료상|카페(음료위주),query_set_v004,active
q_빵_04,제과,train,빵,T2 동의어,카페·디저트 중 '빵'을 판매·제공하는 매장,베이커리|빵|빵집|제과,브런치카페|제빵재료상|카페(음료위주),query_set_v004,active
q_빵_05,빵 사는 데,train,빵,T4 구어·문장,카페·디저트 중 '빵'을 판매·제공하는 매장,베이커리|빵|빵집|제과,브런치카페|제빵재료상|카페(음료위주),query_set_v004,active
q_빵_06,빵 파는 곳,train,빵,T4 구어·문장,카페·디저트 중 '빵'을 판매·제공하는 매장,베이커리|빵|빵집|제과,브런치카페|제빵재료상|카페(음료위주),query_set_v004,active
q_빵_07,식빵 사러,train,빵,T4 구어·문장,카페·디저트 중 '빵'을 판매·제공하는 매장,베이커리|빵|빵집|제과,브런치카페|제빵재료상|카페(음료위주),query_set_v004,active
q_빵_08,아침에 빵 사려면,train,빵,T4 구어·문장,카페·디저트 중 '빵'을 판매·제공하는 매장,베이커리|빵|빵집|제과,브런치카페|제빵재료상|카페(음료위주),query_set_v004,active
q_빵_09,빤,train,빵,T6 기계변형,카페·디저트 중 '빵'을 판매·제공하는 매장,베이커리|빵|빵집|제과,브런치카페|제빵재료상|카페(음료위주),query_set_v004,active
q_빵_10,빵추천,train,빵,T6 기계변형,카페·디저트 중 '빵'을 판매·제공하는 매장,베이커리|빵|빵집|제과,브런치카페|제빵재료상|카페(음료위주),query_set_v004,active
q_사진_01,증명사진 찍는 곳,test,사진,T5 서비스,생활서비스 중 '사진'을 판매·제공하는 매장,,사진 인화만,query_set_v004,active
q_서점_01,서점,val,서점,T1 정확표기,문화·여가 중 '서점'을 판매·제공하는 매장,도서 매장|서점,,query_set_v004,active
q_서점_02,도서 매장,val,서점,T2 동의어,문화·여가 중 '서점'을 판매·제공하는 매장,도서 매장|서점,,query_set_v004,active
q_서점_03,책 사는 데,val,서점,T4 구어·문장,문화·여가 중 '서점'을 판매·제공하는 매장,도서 매장|서점,,query_set_v004,active
q_서점_04,책 파는 곳,val,서점,T4 구어·문장,문화·여가 중 '서점'을 판매·제공하는 매장,도서 매장|서점,,query_set_v004,active
q_세탁_01,세탁집,train,세탁,T2 동의어,생활서비스 중 '세탁'을 판매·제공하는 매장,세탁집,침구 판매|침구판매|코인세탁만,query_set_v004,active
q_세탁_02,빨래 맡길 데,train,세탁,T4 구어·문장,생활서비스 중 '세탁'을 판매·제공하는 매장,세탁집,침구 판매|침구판매|코인세탁만,query_set_v004,active
q_세탁_03,세탁소,train,세탁,T4 구어·문장,생활서비스 중 '세탁'을 판매·제공하는 매장,세탁집,침구 판매|침구판매|코인세탁만,query_set_v004,active
q_세탁_04,옷 세탁하는 곳,train,세탁,T4 구어·문장,생활서비스 중 '세탁'을 판매·제공하는 매장,세탁집,침구 판매|침구판매|코인세탁만,query_set_v004,active
q_세탁_05,드라이클리닝,train,세탁,T5 서비스,생활서비스 중 '세탁'을 판매·제공하는 매장,세탁집,침구 판매|침구판매|코인세탁만,query_set_v004,active
q_세탁_06,이불 빨래 맡기는 곳,train,세탁,T5 서비스,생활서비스 중 '세탁'을 판매·제공하는 매장,세탁집,침구 판매|침구판매|코인세탁만,query_set_v004,active
q_속옷_01,속옷,test,속옷,T1 정확표기,패션·잡화 중 '속옷'을 판매·제공하는 매장,내의|브라|속옷|양말,일반의류,query_set_v004,active
q_속옷_02,내의,test,속옷,T2 동의어,패션·잡화 중 '속옷'을 판매·제공하는 매장,내의|브라|속옷|양말,일반의류,query_set_v004,active
q_속옷_03,브라,test,속옷,T2 동의어,패션·잡화 중 '속옷'을 판매·제공하는 매장,내의|브라|속옷|양말,일반의류,query_set_v004,active
q_속옷_04,양말,test,속옷,T2 동의어,패션·잡화 중 '속옷'을 판매·제공하는 매장,내의|브라|속옷|양말,일반의류,query_set_v004,active
q_속옷_05,속옷 파는 데,test,속옷,T4 구어·문장,패션·잡화 중 '속옷'을 판매·제공하는 매장,내의|브라|속옷|양말,일반의류,query_set_v004,active
q_속옷_06,속옥,test,속옷,T6 기계변형,패션·잡화 중 '속옷'을 판매·제공하는 매장,내의|브라|속옷|양말,일반의류,query_set_v004,active
q_속옷_07,속옷추천,test,속옷,T6 기계변형,패션·잡화 중 '속옷'을 판매·제공하는 매장,내의|브라|속옷|양말,일반의류,query_set_v004,active
q_수산물_01,수산물,val,수산물,T1 정확표기,식료품 중 '수산물'을 판매·제공하는 매장,생선|생선가게|수산물|어물전|활어|횟집,생선구이집|일반 건어물|일식당|초밥집|활어 도매|횟집|횟집(착석),query_set_v004,active
q_수산물_02,생선,val,수산물,T2 동의어,식료품 중 '수산물'을 판매·제공하는 매장,생선|생선가게|수산물|어물전|활어|횟집,생선구이집|일반 건어물|일식당|초밥집|활어 도매|횟집|횟집(착석),query_set_v004,active
q_수산물_03,생선가게,val,수산물,T2 동의어,식료품 중 '수산물'을 판매·제공하는 매장,생선|생선가게|수산물|어물전|활어|횟집,생선구이집|일반 건어물|일식당|초밥집|활어 도매|횟집|횟집(착석),query_set_v004,active
q_수산물_04,어물전,val,수산물,T2 동의어,식료품 중 '수산물'을 판매·제공하는 매장,생선|생선가게|수산물|어물전|활어|횟집,생선구이집|일반 건어물|일식당|초밥집|활어 도매|횟집|횟집(착석),query_set_v004,active
q_수산물_05,활어,val,수산물,T2 동의어,식료품 중 '수산물'을 판매·제공하는 매장,생선|생선가게|수산물|어물전|활어|횟집,생선구이집|일반 건어물|일식당|초밥집|활어 도매|횟집|횟집(착석),query_set_v004,active
q_수산물_06,횟집,val,수산물,T2 동의어,식료품 중 '수산물'을 판매·제공하는 매장,생선|생선가게|수산물|어물전|활어|횟집,생선구이집|일반 건어물|일식당|초밥집|활어 도매|횟집|횟집(착석),query_set_v004,active
q_수산물_07,갈치,val,수산물,T3 개념확장,식료품 중 '수산물'을 판매·제공하는 매장,생선|생선가게|수산물|어물전|활어|횟집,생선구이집|일반 건어물|일식당|초밥집|활어 도매|횟집|횟집(착석),query_set_v004,active
q_수산물_08,고등어,val,수산물,T3 개념확장,식료품 중 '수산물'을 판매·제공하는 매장,생선|생선가게|수산물|어물전|활어|횟집,생선구이집|일반 건어물|일식당|초밥집|활어 도매|횟집|횟집(착석),query_set_v004,active
q_수산물_09,과메기,val,수산물,T3 개념확장,식료품 중 '수산물'을 판매·제공하는 매장,생선|생선가게|수산물|어물전|활어|횟집,생선구이집|일반 건어물|일식당|초밥집|활어 도매|횟집|횟집(착석),query_set_v004,active
q_수산물_10,해산물,val,수산물,T3 개념확장,식료품 중 '수산물'을 판매·제공하는 매장,생선|생선가게|수산물|어물전|활어|횟집,생선구이집|일반 건어물|일식당|초밥집|활어 도매|횟집|횟집(착석),query_set_v004,active
q_수산물_11,생선 사는 곳,val,수산물,T4 구어·문장,식료품 중 '수산물'을 판매·제공하는 매장,생선|생선가게|수산물|어물전|활어|횟집,생선구이집|일반 건어물|일식당|초밥집|활어 도매|횟집|횟집(착석),query_set_v004,active
q_수산물_12,생선 손질해주는 곳,val,수산물,T4 구어·문장,식료품 중 '수산물'을 판매·제공하는 매장,생선|생선가게|수산물|어물전|활어|횟집,생선구이집|일반 건어물|일식당|초밥집|활어 도매|횟집|횟집(착석),query_set_v004,active
q_수산물_13,수산물 사는 데,val,수산물,T4 구어·문장,식료품 중 '수산물'을 판매·제공하는 매장,생선|생선가게|수산물|어물전|활어|횟집,생선구이집|일반 건어물|일식당|초밥집|활어 도매|횟집|횟집(착석),query_set_v004,active
q_수산물_14,해산물 파는 곳,val,수산물,T4 구어·문장,식료품 중 '수산물'을 판매·제공하는 매장,생선|생선가게|수산물|어물전|활어|횟집,생선구이집|일반 건어물|일식당|초밥집|활어 도매|횟집|횟집(착석),query_set_v004,active
q_수산물_15,회 떠가는 곳,val,수산물,T4 구어·문장,식료품 중 '수산물'을 판매·제공하는 매장,생선|생선가게|수산물|어물전|활어|횟집,생선구이집|일반 건어물|일식당|초밥집|활어 도매|횟집|횟집(착석),query_set_v004,active
q_수산물_16,수산물추천,val,수산물,T6 기계변형,식료품 중 '수산물'을 판매·제공하는 매장,생선|생선가게|수산물|어물전|활어|횟집,생선구이집|일반 건어물|일식당|초밥집|활어 도매|횟집|횟집(착석),query_set_v004,active
q_수산물_17,수산뭉,val,수산물,T6 기계변형,식료품 중 '수산물'을 판매·제공하는 매장,생선|생선가게|수산물|어물전|활어|횟집,생선구이집|일반 건어물|일식당|초밥집|활어 도매|횟집|횟집(착석),query_set_v004,active
q_수선_01,바지 기장 줄이는 곳,test,수선,T5 서비스,생활서비스 중 '수선'을 판매·제공하는 매장,,의류 판매|의류 판매만,query_set_v004,active
q_수선_02,옷 수선하는 곳,test,수선,T5 서비스,생활서비스 중 '수선'을 판매·제공하는 매장,,의류 판매|의류 판매만,query_set_v004,active
q_식자재_01,식자재,val,식자재,T1 정확표기,식료품 중 '식자재'를 판매·제공하는 매장,곡물가게|기름|방앗간|식자재|쌀|참기름,nan / 식용유 도매|떡집|식용유 도매|오프라인 곡물상|제과,query_set_v004,active
q_식자재_02,쌀,val,식자재,T1 정확표기,식료품 중 '식자재'를 판매·제공하는 매장,곡물가게|기름|방앗간|식자재|쌀|참기름,nan / 식용유 도매|떡집|식용유 도매|오프라인 곡물상|제과,query_set_v004,active
q_식자재_03,곡물가게,val,식자재,T2 동의어,식료품 중 '식자재'를 판매·제공하는 매장,곡물가게|기름|방앗간|식자재|쌀|참기름,nan / 식용유 도매|떡집|식용유 도매|오프라인 곡물상|제과,query_set_v004,active
q_식자재_04,기름,val,식자재,T2 동의어,식료품 중 '식자재'를 판매·제공하는 매장,곡물가게|기름|방앗간|식자재|쌀|참기름,nan / 식용유 도매|떡집|식용유 도매|오프라인 곡물상|제과,query_set_v004,active
q_식자재_05,방앗간,val,식자재,T2 동의어,식료품 중 '식자재'를 판매·제공하는 매장,곡물가게|기름|방앗간|식자재|쌀|참기름,nan / 식용유 도매|떡집|식용유 도매|오프라인 곡물상|제과,query_set_v004,active
q_식자재_06,참기름,val,식자재,T2 동의어,식료품 중 '식자재'를 판매·제공하는 매장,곡물가게|기름|방앗간|식자재|쌀|참기름,nan / 식용유 도매|떡집|식용유 도매|오프라인 곡물상|제과,query_set_v004,active
q_식자재_07,견과류,val,식자재,T3 개념확장,식료품 중 '식자재'를 판매·제공하는 매장,곡물가게|기름|방앗간|식자재|쌀|참기름,nan / 식용유 도매|떡집|식용유 도매|오프라인 곡물상|제과,query_set_v004,active
q_식자재_08,전자상거래 곡물,val,식자재,T3 개념확장,식료품 중 '식자재'를 판매·제공하는 매장,곡물가게|기름|방앗간|식자재|쌀|참기름,nan / 식용유 도매|떡집|식용유 도매|오프라인 곡물상|제과,query_set_v004,active
q_식자재_09,쌀 사는 곳,val,식자재,T4 구어·문장,식료품 중 '식자재'를 판매·제공하는 매장,곡물가게|기름|방앗간|식자재|쌀|참기름,nan / 식용유 도매|떡집|식용유 도매|오프라인 곡물상|제과,query_set_v004,active
q_식자재_10,쌀 살 데,val,식자재,T4 구어·문장,식료품 중 '식자재'를 판매·제공하는 매장,곡물가게|기름|방앗간|식자재|쌀|참기름,nan / 식용유 도매|떡집|식용유 도매|오프라인 곡물상|제과,query_set_v004,active
q_식자재_11,쌀 파는 곳,val,식자재,T4 구어·문장,식료품 중 '식자재'를 판매·제공하는 매장,곡물가게|기름|방앗간|식자재|쌀|참기름,nan / 식용유 도매|떡집|식용유 도매|오프라인 곡물상|제과,query_set_v004,active
q_식자재_12,참기름 짜는 곳,val,식자재,T4 구어·문장,식료품 중 '식자재'를 판매·제공하는 매장,곡물가게|기름|방앗간|식자재|쌀|참기름,nan / 식용유 도매|떡집|식용유 도매|오프라인 곡물상|제과,query_set_v004,active
q_식자재_13,식자배,val,식자재,T6 기계변형,식료품 중 '식자재'를 판매·제공하는 매장,곡물가게|기름|방앗간|식자재|쌀|참기름,nan / 식용유 도매|떡집|식용유 도매|오프라인 곡물상|제과,query_set_v004,active
q_식자재_14,식자재추천,val,식자재,T6 기계변형,식료품 중 '식자재'를 판매·제공하는 매장,곡물가게|기름|방앗간|식자재|쌀|참기름,nan / 식용유 도매|떡집|식용유 도매|오프라인 곡물상|제과,query_set_v004,active
q_신발_01,신발,train,신발,T1 정확표기,패션·잡화 중 '신발'을 판매·제공하는 매장,구두|슈즈|신발|신발가게,구두수선|스포츠의류|신발 판매,query_set_v004,active
q_신발_02,구두,train,신발,T2 동의어,패션·잡화 중 '신발'을 판매·제공하는 매장,구두|슈즈|신발|신발가게,구두수선|스포츠의류|신발 판매,query_set_v004,active
q_신발_03,슈즈,train,신발,T2 동의어,패션·잡화 중 '신발'을 판매·제공하는 매장,구두|슈즈|신발|신발가게,구두수선|스포츠의류|신발 판매,query_set_v004,active
q_신발_04,신발가게,train,신발,T2 동의어,패션·잡화 중 '신발'을 판매·제공하는 매장,구두|슈즈|신발|신발가게,구두수선|스포츠의류|신발 판매,query_set_v004,active
q_신발_05,운동화,train,신발,T3 개념확장,패션·잡화 중 '신발'을 판매·제공하는 매장,구두|슈즈|신발|신발가게,구두수선|스포츠의류|신발 판매,query_set_v004,active
q_신발_06,신발 사는 데,train,신발,T4 구어·문장,패션·잡화 중 '신발'을 판매·제공하는 매장,구두|슈즈|신발|신발가게,구두수선|스포츠의류|신발 판매,query_set_v004,active
q_신발_07,신발 파는 곳,train,신발,T4 구어·문장,패션·잡화 중 '신발'을 판매·제공하는 매장,구두|슈즈|신발|신발가게,구두수선|스포츠의류|신발 판매,query_set_v004,active
q_신발_08,구두 굽 갈아주는 곳,train,신발,T5 서비스,패션·잡화 중 '신발'을 판매·제공하는 매장,구두|슈즈|신발|신발가게,구두수선|스포츠의류|신발 판매,query_set_v004,active
q_신발_09,신발추천,train,신발,T6 기계변형,패션·잡화 중 '신발'을 판매·제공하는 매장,구두|슈즈|신발|신발가게,구두수선|스포츠의류|신발 판매,query_set_v004,active
q_신발_10,신방,train,신발,T6 기계변형,패션·잡화 중 '신발'을 판매·제공하는 매장,구두|슈즈|신발|신발가게,구두수선|스포츠의류|신발 판매,query_set_v004,active
q_아이스크림_01,아이스크림,test,아이스크림,T1 정확표기,카페·디저트 중 '아이스크림'을 판매·제공하는 매장,아이스크림|아이스크림 가게,,query_set_v004,active
q_아이스크림_02,아이스크림 가게,test,아이스크림,T2 동의어,카페·디저트 중 '아이스크림'을 판매·제공하는 매장,아이스크림|아이스크림 가게,,query_set_v004,active
q_아이스크림_03,아이스크림 먹을 데,test,아이스크림,T4 구어·문장,카페·디저트 중 '아이스크림'을 판매·제공하는 매장,아이스크림|아이스크림 가게,,query_set_v004,active
q_아이스크림_04,아이스크림 파는 곳,test,아이스크림,T4 구어·문장,카페·디저트 중 '아이스크림'을 판매·제공하는 매장,아이스크림|아이스크림 가게,,query_set_v004,active
q_안경_01,안경,val,안경,T1 정확표기,건강·의료 중 '안경'을 판매·제공하는 매장,렌즈|안경|안경 가게|안경원|콘택트렌즈,안과,query_set_v004,active
q_안경_02,렌즈,val,안경,T2 동의어,건강·의료 중 '안경'을 판매·제공하는 매장,렌즈|안경|안경 가게|안경원|콘택트렌즈,안과,query_set_v004,active
q_안경_03,안경 가게,val,안경,T2 동의어,건강·의료 중 '안경'을 판매·제공하는 매장,렌즈|안경|안경 가게|안경원|콘택트렌즈,안과,query_set_v004,active
q_안경_04,안경원,val,안경,T2 동의어,건강·의료 중 '안경'을 판매·제공하는 매장,렌즈|안경|안경 가게|안경원|콘택트렌즈,안과,query_set_v004,active
q_안경_05,콘택트렌즈,val,안경,T2 동의어,건강·의료 중 '안경'을 판매·제공하는 매장,렌즈|안경|안경 가게|안경원|콘택트렌즈,안과,query_set_v004,active
q_안경_06,눈 검사하고 안경 맞추기,val,안경,T4 구어·문장,건강·의료 중 '안경'을 판매·제공하는 매장,렌즈|안경|안경 가게|안경원|콘택트렌즈,안과,query_set_v004,active
q_안경_07,렌즈 사는 데,val,안경,T4 구어·문장,건강·의료 중 '안경'을 판매·제공하는 매장,렌즈|안경|안경 가게|안경원|콘택트렌즈,안과,query_set_v004,active
q_안경_08,안경 맞추는 곳,val,안경,T4 구어·문장,건강·의료 중 '안경'을 판매·제공하는 매장,렌즈|안경|안경 가게|안경원|콘택트렌즈,안과,query_set_v004,active
q_안경_09,안경점,val,안경,T4 구어·문장,건강·의료 중 '안경'을 판매·제공하는 매장,렌즈|안경|안경 가게|안경원|콘택트렌즈,안과,query_set_v004,active
q_안경_10,안견,val,안경,T6 기계변형,건강·의료 중 '안경'을 판매·제공하는 매장,렌즈|안경|안경 가게|안경원|콘택트렌즈,안과,query_set_v004,active
q_안경_11,안경추천,val,안경,T6 기계변형,건강·의료 중 '안경'을 판매·제공하는 매장,렌즈|안경|안경 가게|안경원|콘택트렌즈,안과,query_set_v004,active
q_애견_01,애견용품,val,애견,T1 정확표기,생활서비스 중 '애견'을 판매·제공하는 매장,반려동물용품점|애견용품,,query_set_v004,active
q_애견_02,반려동물용품점,val,애견,T2 동의어,생활서비스 중 '애견'을 판매·제공하는 매장,반려동물용품점|애견용품,,query_set_v004,active
q_애견_03,강아지 용품 살 데,val,애견,T4 구어·문장,생활서비스 중 '애견'을 판매·제공하는 매장,반려동물용품점|애견용품,,query_set_v004,active
q_애견_04,반려동물 용품 파는 곳,val,애견,T4 구어·문장,생활서비스 중 '애견'을 판매·제공하는 매장,반려동물용품점|애견용품,,query_set_v004,active
q_야채_01,김장 재료 사는 곳,val,야채,T4 구어·문장,식료품 중 '야채'를 판매·제공하는 매장,농산물|야채|야채가게|채소|채소 파는 곳,가공식품|과일주스|김치 완제품|떡집|샐러드집|쌈밥집,query_set_v004,active
q_야채_02,야채,val,야채,T1 정확표기,식료품 중 '야채'를 판매·제공하는 매장,농산물|야채|야채가게|채소|채소 파는 곳,가공식품|과일주스|김치 완제품|떡집|샐러드집|쌈밥집,query_set_v004,active
q_야채_03,농산물,val,야채,T2 동의어,식료품 중 '야채'를 판매·제공하는 매장,농산물|야채|야채가게|채소|채소 파는 곳,가공식품|과일주스|김치 완제품|떡집|샐러드집|쌈밥집,query_set_v004,active
q_야채_04,야채가게,val,야채,T2 동의어,식료품 중 '야채'를 판매·제공하는 매장,농산물|야채|야채가게|채소|채소 파는 곳,가공식품|과일주스|김치 완제품|떡집|샐러드집|쌈밥집,query_set_v004,active
q_야채_05,채소,val,야채,T2 동의어,식료품 중 '야채'를 판매·제공하는 매장,농산물|야채|야채가게|채소|채소 파는 곳,가공식품|과일주스|김치 완제품|떡집|샐러드집|쌈밥집,query_set_v004,active
q_야채_06,채소 파는 곳,val,야채,T2 동의어,식료품 중 '야채'를 판매·제공하는 매장,농산물|야채|야채가게|채소|채소 파는 곳,가공식품|과일주스|김치 완제품|떡집|샐러드집|쌈밥집,query_set_v004,active
q_야채_07,농수산물,val,야채,T3 개념확장,식료품 중 '야채'를 판매·제공하는 매장,농산물|야채|야채가게|채소|채소 파는 곳,가공식품|과일주스|김치 완제품|떡집|샐러드집|쌈밥집,query_set_v004,active
q_야채_08,잡곡,val,야채,T3 개념확장,식료품 중 '야채'를 판매·제공하는 매장,농산물|야채|야채가게|채소|채소 파는 곳,가공식품|과일주스|김치 완제품|떡집|샐러드집|쌈밥집,query_set_v004,active
q_야채_09,야채 파는 곳,val,야채,T4 구어·문장,식료품 중 '야채'를 판매·제공하는 매장,농산물|야채|야채가게|채소|채소 파는 곳,가공식품|과일주스|김치 완제품|떡집|샐러드집|쌈밥집,query_set_v004,active
q_야채_10,채소 사는 데,val,야채,T4 구어·문장,식료품 중 '야채'를 판매·제공하는 매장,농산물|야채|야채가게|채소|채소 파는 곳,가공식품|과일주스|김치 완제품|떡집|샐러드집|쌈밥집,query_set_v004,active
q_야채_11,야채추천,val,야채,T6 기계변형,식료품 중 '야채'를 판매·제공하는 매장,농산물|야채|야채가게|채소|채소 파는 곳,가공식품|과일주스|김치 완제품|떡집|샐러드집|쌈밥집,query_set_v004,active
q_야채_12,야태,val,야채,T6 기계변형,식료품 중 '야채'를 판매·제공하는 매장,농산물|야채|야채가게|채소|채소 파는 곳,가공식품|과일주스|김치 완제품|떡집|샐러드집|쌈밥집,query_set_v004,active
q_양식_01,양식,train,양식,T1 정확표기,음식점 중 '양식'을 판매·제공하는 매장,돈가스집|브런치|스테이크|양식|파스타,제과점(판매만),query_set_v004,active
q_양식_02,돈가스집,train,양식,T2 동의어,음식점 중 '양식'을 판매·제공하는 매장,돈가스집|브런치|스테이크|양식|파스타,제과점(판매만),query_set_v004,active
q_양식_03,브런치,train,양식,T2 동의어,음식점 중 '양식'을 판매·제공하는 매장,돈가스집|브런치|스테이크|양식|파스타,제과점(판매만),query_set_v004,active
q_양식_04,스테이크,train,양식,T2 동의어,음식점 중 '양식'을 판매·제공하는 매장,돈가스집|브런치|스테이크|양식|파스타,제과점(판매만),query_set_v004,active
q_양식_05,파스타,train,양식,T2 동의어,음식점 중 '양식'을 판매·제공하는 매장,돈가스집|브런치|스테이크|양식|파스타,제과점(판매만),query_set_v004,active
q_양식_06,돈가스 먹을 데,train,양식,T4 구어·문장,음식점 중 '양식'을 판매·제공하는 매장,돈가스집|브런치|스테이크|양식|파스타,제과점(판매만),query_set_v004,active
q_양식_07,브런치 먹을 곳,train,양식,T4 구어·문장,음식점 중 '양식'을 판매·제공하는 매장,돈가스집|브런치|스테이크|양식|파스타,제과점(판매만),query_set_v004,active
q_양식_08,양식추천,train,양식,T6 기계변형,음식점 중 '양식'을 판매·제공하는 매장,돈가스집|브런치|스테이크|양식|파스타,제과점(판매만),query_set_v004,active
q_양식_09,양싣,train,양식,T6 기계변형,음식점 중 '양식'을 판매·제공하는 매장,돈가스집|브런치|스테이크|양식|파스타,제과점(판매만),query_set_v004,active
q_열쇠_01,도장 파는 곳,test,열쇠,T5 서비스,생활서비스 중 '열쇠'를 판매·제공하는 매장,,도장(塗裝)업체|철물점(판매만),query_set_v004,active
q_열쇠_02,열쇠 복사,test,열쇠,T5 서비스,생활서비스 중 '열쇠'를 판매·제공하는 매장,,도장(塗裝)업체|철물점(판매만),query_set_v004,active
q_운동_01,운동,val,운동,T1 정확표기,문화·여가 중 '운동'을 판매·제공하는 매장,요가|운동|운동용품점|피트니스센터|필라테스|헬스|헬스장,스포츠의류,query_set_v004,active
q_운동_02,헬스장,val,운동,T1 정확표기,문화·여가 중 '운동'을 판매·제공하는 매장,요가|운동|운동용품점|피트니스센터|필라테스|헬스|헬스장,스포츠의류,query_set_v004,active
q_운동_03,요가,val,운동,T2 동의어,문화·여가 중 '운동'을 판매·제공하는 매장,요가|운동|운동용품점|피트니스센터|필라테스|헬스|헬스장,스포츠의류,query_set_v004,active
q_운동_04,운동용품점,val,운동,T2 동의어,문화·여가 중 '운동'을 판매·제공하는 매장,요가|운동|운동용품점|피트니스센터|필라테스|헬스|헬스장,스포츠의류,query_set_v004,active
q_운동_05,피트니스센터,val,운동,T2 동의어,문화·여가 중 '운동'을 판매·제공하는 매장,요가|운동|운동용품점|피트니스센터|필라테스|헬스|헬스장,스포츠의류,query_set_v004,active
q_운동_06,필라테스,val,운동,T2 동의어,문화·여가 중 '운동'을 판매·제공하는 매장,요가|운동|운동용품점|피트니스센터|필라테스|헬스|헬스장,스포츠의류,query_set_v004,active
q_운동_07,헬스,val,운동,T2 동의어,문화·여가 중 '운동'을 판매·제공하는 매장,요가|운동|운동용품점|피트니스센터|필라테스|헬스|헬스장,스포츠의류,query_set_v004,active
q_운동_08,스포츠용품,val,운동,T3 개념확장,문화·여가 중 '운동'을 판매·제공하는 매장,요가|운동|운동용품점|피트니스센터|필라테스|헬스|헬스장,스포츠의류,query_set_v004,active
q_운동_09,운동용품 살 데,val,운동,T4 구어·문장,문화·여가 중 '운동'을 판매·제공하는 매장,요가|운동|운동용품점|피트니스센터|필라테스|헬스|헬스장,스포츠의류,query_set_v004,active
q_운동_10,운동용품 파는 곳,val,운동,T4 구어·문장,문화·여가 중 '운동'을 판매·제공하는 매장,요가|운동|운동용품점|피트니스센터|필라테스|헬스|헬스장,스포츠의류,query_set_v004,active
q_운동_11,웨이트 운동하는 곳,val,운동,T4 구어·문장,문화·여가 중 '운동'을 판매·제공하는 매장,요가|운동|운동용품점|피트니스센터|필라테스|헬스|헬스장,스포츠의류,query_set_v004,active
q_운동_12,헬스할 데,val,운동,T4 구어·문장,문화·여가 중 '운동'을 판매·제공하는 매장,요가|운동|운동용품점|피트니스센터|필라테스|헬스|헬스장,스포츠의류,query_set_v004,active
q_운동_13,운돈,val,운동,T6 기계변형,문화·여가 중 '운동'을 판매·제공하는 매장,요가|운동|운동용품점|피트니스센터|필라테스|헬스|헬스장,스포츠의류,query_set_v004,active
q_운동_14,운동추천,val,운동,T6 기계변형,문화·여가 중 '운동'을 판매·제공하는 매장,요가|운동|운동용품점|피트니스센터|필라테스|헬스|헬스장,스포츠의류,query_set_v004,active
q_원단_01,원단,val,원단,T1 정확표기,패션·잡화 중 '원단'을 판매·제공하는 매장,원단|직물,일반 의류,query_set_v004,active
q_원단_02,직물,val,원단,T2 동의어,패션·잡화 중 '원단'을 판매·제공하는 매장,원단|직물,일반 의류,query_set_v004,active
q_원단_03,주단,val,원단,T3 개념확장,패션·잡화 중 '원단'을 판매·제공하는 매장,원단|직물,일반 의류,query_set_v004,active
q_원단_04,원단추천,val,원단,T6 기계변형,패션·잡화 중 '원단'을 판매·제공하는 매장,원단|직물,일반 의류,query_set_v004,active
q_원단_05,원담,val,원단,T6 기계변형,패션·잡화 중 '원단'을 판매·제공하는 매장,원단|직물,일반 의류,query_set_v004,active
q_유아용품_01,애기 이유식 재료,train,유아용품,T4 구어·문장,생활·마트 중 '유아용품'을 판매·제공하는 매장,,이유식 전문점,query_set_v004,active
q_의료_01,의료,test,의료,T1 정확표기,건강·의료 중 '의료'를 판매·제공하는 매장,내과|병원|의료|의원|진료,,query_set_v004,active
q_의료_02,내과,test,의료,T2 동의어,건강·의료 중 '의료'를 판매·제공하는 매장,내과|병원|의료|의원|진료,,query_set_v004,active
q_의료_03,병원,test,의료,T2 동의어,건강·의료 중 '의료'를 판매·제공하는 매장,내과|병원|의료|의원|진료,,query_set_v004,active
q_의료_04,의원,test,의료,T2 동의어,건강·의료 중 '의료'를 판매·제공하는 매장,내과|병원|의료|의원|진료,,query_set_v004,active
q_의료_05,진료,test,의료,T2 동의어,건강·의료 중 '의료'를 판매·제공하는 매장,내과|병원|의료|의원|진료,,query_set_v004,active
q_의료_06,병원 갈 데,test,의료,T4 구어·문장,건강·의료 중 '의료'를 판매·제공하는 매장,내과|병원|의료|의원|진료,,query_set_v004,active
q_의료_07,진료받는 곳,test,의료,T4 구어·문장,건강·의료 중 '의료'를 판매·제공하는 매장,내과|병원|의료|의원|진료,,query_set_v004,active
q_의료_08,의료추천,test,의료,T6 기계변형,건강·의료 중 '의료'를 판매·제공하는 매장,내과|병원|의료|의원|진료,,query_set_v004,active
q_의료_09,의요,test,의료,T6 기계변형,건강·의료 중 '의료'를 판매·제공하는 매장,내과|병원|의료|의원|진료,,query_set_v004,active
q_의류_01,의류,train,의류,T1 정확표기,패션·잡화 중 '의류'를 판매·제공하는 매장,바지|옷 파는 데|옷가게|의류|의류 매장|의복|패션,기성복|성인의류|세탁|세탁소|수선|수선집|의류 소매만|의류수선|장난감,query_set_v004,active
q_의류_02,의류 매장,train,의류,T1 정확표기,패션·잡화 중 '의류'를 판매·제공하는 매장,바지|옷 파는 데|옷가게|의류|의류 매장|의복|패션,기성복|성인의류|세탁|세탁소|수선|수선집|의류 소매만|의류수선|장난감,query_set_v004,active
q_의류_03,바지,train,의류,T2 동의어,패션·잡화 중 '의류'를 판매·제공하는 매장,바지|옷 파는 데|옷가게|의류|의류 매장|의복|패션,기성복|성인의류|세탁|세탁소|수선|수선집|의류 소매만|의류수선|장난감,query_set_v004,active
q_의류_04,옷 파는 데,train,의류,T2 동의어,패션·잡화 중 '의류'를 판매·제공하는 매장,바지|옷 파는 데|옷가게|의류|의류 매장|의복|패션,기성복|성인의류|세탁|세탁소|수선|수선집|의류 소매만|의류수선|장난감,query_set_v004,active
q_의류_05,옷가게,train,의류,T2 동의어,패션·잡화 중 '의류'를 판매·제공하는 매장,바지|옷 파는 데|옷가게|의류|의류 매장|의복|패션,기성복|성인의류|세탁|세탁소|수선|수선집|의류 소매만|의류수선|장난감,query_set_v004,active
q_의류_06,의복,train,의류,T2 동의어,패션·잡화 중 '의류'를 판매·제공하는 매장,바지|옷 파는 데|옷가게|의류|의류 매장|의복|패션,기성복|성인의류|세탁|세탁소|수선|수선집|의류 소매만|의류수선|장난감,query_set_v004,active
q_의류_07,패션,train,의류,T2 동의어,패션·잡화 중 '의류'를 판매·제공하는 매장,바지|옷 파는 데|옷가게|의류|의류 매장|의복|패션,기성복|성인의류|세탁|세탁소|수선|수선집|의류 소매만|의류수선|장난감,query_set_v004,active
q_의류_08,의류 도매,train,의류,T3 개념확장,패션·잡화 중 '의류'를 판매·제공하는 매장,바지|옷 파는 데|옷가게|의류|의류 매장|의복|패션,기성복|성인의류|세탁|세탁소|수선|수선집|의류 소매만|의류수선|장난감,query_set_v004,active
q_의류_09,청바지,train,의류,T3 개념확장,패션·잡화 중 '의류'를 판매·제공하는 매장,바지|옷 파는 데|옷가게|의류|의류 매장|의복|패션,기성복|성인의류|세탁|세탁소|수선|수선집|의류 소매만|의류수선|장난감,query_set_v004,active
q_의류_10,아이 옷 파는 곳,train,의류,T4 구어·문장,패션·잡화 중 '의류'를 판매·제공하는 매장,바지|옷 파는 데|옷가게|의류|의류 매장|의복|패션,기성복|성인의류|세탁|세탁소|수선|수선집|의류 소매만|의류수선|장난감,query_set_v004,active
q_의류_11,양복 맞추는 곳,train,의류,T4 구어·문장,패션·잡화 중 '의류'를 판매·제공하는 매장,바지|옷 파는 데|옷가게|의류|의류 매장|의복|패션,기성복|성인의류|세탁|세탁소|수선|수선집|의류 소매만|의류수선|장난감,query_set_v004,active
q_의류_12,옷 사는 데,train,의류,T4 구어·문장,패션·잡화 중 '의류'를 판매·제공하는 매장,바지|옷 파는 데|옷가게|의류|의류 매장|의복|패션,기성복|성인의류|세탁|세탁소|수선|수선집|의류 소매만|의류수선|장난감,query_set_v004,active
q_의류_13,옷 파는 곳,train,의류,T4 구어·문장,패션·잡화 중 '의류'를 판매·제공하는 매장,바지|옷 파는 데|옷가게|의류|의류 매장|의복|패션,기성복|성인의류|세탁|세탁소|수선|수선집|의류 소매만|의류수선|장난감,query_set_v004,active
q_의류_14,의류추천,train,의류,T6 기계변형,패션·잡화 중 '의류'를 판매·제공하는 매장,바지|옷 파는 데|옷가게|의류|의류 매장|의복|패션,기성복|성인의류|세탁|세탁소|수선|수선집|의류 소매만|의류수선|장난감,query_set_v004,active
q_의류_15,의유,train,의류,T6 기계변형,패션·잡화 중 '의류'를 판매·제공하는 매장,바지|옷 파는 데|옷가게|의류|의류 매장|의복|패션,기성복|성인의류|세탁|세탁소|수선|수선집|의류 소매만|의류수선|장난감,query_set_v004,active
q_의약품_01,약국,train,의약품,T1 정확표기,건강·의료 중 '의약품'을 판매·제공하는 매장,약 사는 곳|약국|의약품|의약품 판매점|조제|처방|파스,건강식품|건강원|한의원,query_set_v004,active
q_의약품_02,의약품,train,의약품,T1 정확표기,건강·의료 중 '의약품'을 판매·제공하는 매장,약 사는 곳|약국|의약품|의약품 판매점|조제|처방|파스,건강식품|건강원|한의원,query_set_v004,active
q_의약품_03,약 사는 곳,train,의약품,T2 동의어,건강·의료 중 '의약품'을 판매·제공하는 매장,약 사는 곳|약국|의약품|의약품 판매점|조제|처방|파스,건강식품|건강원|한의원,query_set_v004,active
q_의약품_04,의약품 판매점,train,의약품,T2 동의어,건강·의료 중 '의약품'을 판매·제공하는 매장,약 사는 곳|약국|의약품|의약품 판매점|조제|처방|파스,건강식품|건강원|한의원,query_set_v004,active
q_의약품_05,조제,train,의약품,T2 동의어,건강·의료 중 '의약품'을 판매·제공하는 매장,약 사는 곳|약국|의약품|의약품 판매점|조제|처방|파스,건강식품|건강원|한의원,query_set_v004,active
q_의약품_06,처방,train,의약품,T2 동의어,건강·의료 중 '의약품'을 판매·제공하는 매장,약 사는 곳|약국|의약품|의약품 판매점|조제|처방|파스,건강식품|건강원|한의원,query_set_v004,active
q_의약품_07,파스,train,의약품,T2 동의어,건강·의료 중 '의약품'을 판매·제공하는 매장,약 사는 곳|약국|의약품|의약품 판매점|조제|처방|파스,건강식품|건강원|한의원,query_set_v004,active
q_의약품_08,약 파는 데,train,의약품,T4 구어·문장,건강·의료 중 '의약품'을 판매·제공하는 매장,약 사는 곳|약국|의약품|의약품 판매점|조제|처방|파스,건강식품|건강원|한의원,query_set_v004,active
q_의약품_09,의약푼,train,의약품,T6 기계변형,건강·의료 중 '의약품'을 판매·제공하는 매장,약 사는 곳|약국|의약품|의약품 판매점|조제|처방|파스,건강식품|건강원|한의원,query_set_v004,active
q_의약품_10,의약품추천,train,의약품,T6 기계변형,건강·의료 중 '의약품'을 판매·제공하는 매장,약 사는 곳|약국|의약품|의약품 판매점|조제|처방|파스,건강식품|건강원|한의원,query_set_v004,active
q_인쇄_01,명함 인쇄,test,인쇄,T5 서비스,생활서비스 중 '인쇄'를 판매·제공하는 매장,,문구점,query_set_v004,active
q_일식_01,일식,test,일식,T1 정확표기,음식점 중 '일식'을 판매·제공하는 매장,돈까스|스시|일식|일식집|초밥,,query_set_v004,active
q_일식_02,돈까스,test,일식,T2 동의어,음식점 중 '일식'을 판매·제공하는 매장,돈까스|스시|일식|일식집|초밥,,query_set_v004,active
q_일식_03,스시,test,일식,T2 동의어,음식점 중 '일식'을 판매·제공하는 매장,돈까스|스시|일식|일식집|초밥,,query_set_v004,active
q_일식_04,일식집,test,일식,T2 동의어,음식점 중 '일식'을 판매·제공하는 매장,돈까스|스시|일식|일식집|초밥,,query_set_v004,active
q_일식_05,초밥,test,일식,T2 동의어,음식점 중 '일식'을 판매·제공하는 매장,돈까스|스시|일식|일식집|초밥,,query_set_v004,active
q_일식_06,돈까스 먹을 곳,test,일식,T4 구어·문장,음식점 중 '일식'을 판매·제공하는 매장,돈까스|스시|일식|일식집|초밥,,query_set_v004,active
q_일식_07,일식 먹을 데,test,일식,T4 구어·문장,음식점 중 '일식'을 판매·제공하는 매장,돈까스|스시|일식|일식집|초밥,,query_set_v004,active
q_일식_08,일식추천,test,일식,T6 기계변형,음식점 중 '일식'을 판매·제공하는 매장,돈까스|스시|일식|일식집|초밥,,query_set_v004,active
q_일식_09,일싣,test,일식,T6 기계변형,음식점 중 '일식'을 판매·제공하는 매장,돈까스|스시|일식|일식집|초밥,,query_set_v004,active
q_일식_10,일본 음식 먹을 곳,test,일식,T4 구어·문장,음식점 중 '일식'을 판매·제공하는 매장,돈까스|스시|일식|일식집|초밥,,query_set_v004,active
q_자동차_01,자동차,val,자동차,T1 정확표기,생활서비스 중 '자동차'를 판매·제공하는 매장,세차|자동차|정비|타이어,,query_set_v004,active
q_자동차_02,세차,val,자동차,T2 동의어,생활서비스 중 '자동차'를 판매·제공하는 매장,세차|자동차|정비|타이어,,query_set_v004,active
q_자동차_03,정비,val,자동차,T2 동의어,생활서비스 중 '자동차'를 판매·제공하는 매장,세차|자동차|정비|타이어,,query_set_v004,active
q_자동차_04,타이어,val,자동차,T2 동의어,생활서비스 중 '자동차'를 판매·제공하는 매장,세차|자동차|정비|타이어,,query_set_v004,active
q_자동차_05,자동차추천,val,자동차,T6 기계변형,생활서비스 중 '자동차'를 판매·제공하는 매장,세차|자동차|정비|타이어,,query_set_v004,active
q_자동차_06,자동타,val,자동차,T6 기계변형,생활서비스 중 '자동차'를 판매·제공하는 매장,세차|자동차|정비|타이어,,query_set_v004,active
q_잡화_01,모자,train,잡화,T2 동의어,패션·잡화 중 '잡화'를 판매·제공하는 매장,모자|소품|액세서리,명품잡화,query_set_v004,active
q_잡화_02,소품,train,잡화,T2 동의어,패션·잡화 중 '잡화'를 판매·제공하는 매장,모자|소품|액세서리,명품잡화,query_set_v004,active
q_잡화_03,액세서리,train,잡화,T2 동의어,패션·잡화 중 '잡화'를 판매·제공하는 매장,모자|소품|액세서리,명품잡화,query_set_v004,active
q_잡화_04,잡화,train,잡화,T3 개념확장,패션·잡화 중 '잡화'를 판매·제공하는 매장,모자|소품|액세서리,명품잡화,query_set_v004,active
q_잡화_05,잡롸,train,잡화,T6 기계변형,패션·잡화 중 '잡화'를 판매·제공하는 매장,모자|소품|액세서리,명품잡화,query_set_v004,active
q_잡화_06,잡화추천,train,잡화,T6 기계변형,패션·잡화 중 '잡화'를 판매·제공하는 매장,모자|소품|액세서리,명품잡화,query_set_v004,active
q_젓갈_01,젓갈 사는 곳,train,젓갈,T4 구어·문장,식료품 중 '젓갈'을 판매·제공하는 매장,,젓갈백반|젓갈백반집,query_set_v004,active
q_젓갈_02,젓갈 파는 곳,train,젓갈,T4 구어·문장,식료품 중 '젓갈'을 판매·제공하는 매장,,젓갈백반|젓갈백반집,query_set_v004,active
q_정육_01,정육,train,정육,T1 정확표기,식료품 중 '정육'을 판매·제공하는 매장,고기|고깃간|식육점|정육|정육점|축산물|푸줏간|한우,갈비집|고깃집(식당)|국밥집|닭강정|삼겹살집|삼겹살집(식당)|정육 소매|정육점|치킨집|한우식당,query_set_v004,active
q_정육_02,정육점,train,정육,T1 정확표기,식료품 중 '정육'을 판매·제공하는 매장,고기|고깃간|식육점|정육|정육점|축산물|푸줏간|한우,갈비집|고깃집(식당)|국밥집|닭강정|삼겹살집|삼겹살집(식당)|정육 소매|정육점|치킨집|한우식당,query_set_v004,active
q_정육_03,고기,train,정육,T2 동의어,식료품 중 '정육'을 판매·제공하는 매장,고기|고깃간|식육점|정육|정육점|축산물|푸줏간|한우,갈비집|고깃집(식당)|국밥집|닭강정|삼겹살집|삼겹살집(식당)|정육 소매|정육점|치킨집|한우식당,query_set_v004,active
q_정육_04,고깃간,train,정육,T2 동의어,식료품 중 '정육'을 판매·제공하는 매장,고기|고깃간|식육점|정육|정육점|축산물|푸줏간|한우,갈비집|고깃집(식당)|국밥집|닭강정|삼겹살집|삼겹살집(식당)|정육 소매|정육점|치킨집|한우식당,query_set_v004,active
q_정육_05,식육점,train,정육,T2 동의어,식료품 중 '정육'을 판매·제공하는 매장,고기|고깃간|식육점|정육|정육점|축산물|푸줏간|한우,갈비집|고깃집(식당)|국밥집|닭강정|삼겹살집|삼겹살집(식당)|정육 소매|정육점|치킨집|한우식당,query_set_v004,active
q_정육_06,축산물,train,정육,T2 동의어,식료품 중 '정육'을 판매·제공하는 매장,고기|고깃간|식육점|정육|정육점|축산물|푸줏간|한우,갈비집|고깃집(식당)|국밥집|닭강정|삼겹살집|삼겹살집(식당)|정육 소매|정육점|치킨집|한우식당,query_set_v004,active
q_정육_07,푸줏간,train,정육,T2 동의어,식료품 중 '정육'을 판매·제공하는 매장,고기|고깃간|식육점|정육|정육점|축산물|푸줏간|한우,갈비집|고깃집(식당)|국밥집|닭강정|삼겹살집|삼겹살집(식당)|정육 소매|정육점|치킨집|한우식당,query_set_v004,active
q_정육_08,한우,train,정육,T2 동의어,식료품 중 '정육'을 판매·제공하는 매장,고기|고깃간|식육점|정육|정육점|축산물|푸줏간|한우,갈비집|고깃집(식당)|국밥집|닭강정|삼겹살집|삼겹살집(식당)|정육 소매|정육점|치킨집|한우식당,query_set_v004,active
q_정육_09,고기 파는 곳,train,정육,T3 개념확장,식료품 중 '정육'을 판매·제공하는 매장,고기|고깃간|식육점|정육|정육점|축산물|푸줏간|한우,갈비집|고깃집(식당)|국밥집|닭강정|삼겹살집|삼겹살집(식당)|정육 소매|정육점|치킨집|한우식당,query_set_v004,active
q_정육_10,삼겹살,train,정육,T3 개념확장,식료품 중 '정육'을 판매·제공하는 매장,고기|고깃간|식육점|정육|정육점|축산물|푸줏간|한우,갈비집|고깃집(식당)|국밥집|닭강정|삼겹살집|삼겹살집(식당)|정육 소매|정육점|치킨집|한우식당,query_set_v004,active
q_정육_11,축산물 도매,train,정육,T3 개념확장,식료품 중 '정육'을 판매·제공하는 매장,고기|고깃간|식육점|정육|정육점|축산물|푸줏간|한우,갈비집|고깃집(식당)|국밥집|닭강정|삼겹살집|삼겹살집(식당)|정육 소매|정육점|치킨집|한우식당,query_set_v004,active
q_정육_12,계란 사는 곳,train,정육,T4 구어·문장,식료품 중 '정육'을 판매·제공하는 매장,고기|고깃간|식육점|정육|정육점|축산물|푸줏간|한우,갈비집|고깃집(식당)|국밥집|닭강정|삼겹살집|삼겹살집(식당)|정육 소매|정육점|치킨집|한우식당,query_set_v004,active
q_정육_13,국거리 고기 살 곳,train,정육,T4 구어·문장,식료품 중 '정육'을 판매·제공하는 매장,고기|고깃간|식육점|정육|정육점|축산물|푸줏간|한우,갈비집|고깃집(식당)|국밥집|닭강정|삼겹살집|삼겹살집(식당)|정육 소매|정육점|치킨집|한우식당,query_set_v004,active
q_정육_14,돼지갈비 먹을 곳,train,정육,T4 구어·문장,식료품 중 '정육'을 판매·제공하는 매장,고기|고깃간|식육점|정육|정육점|축산물|푸줏간|한우,갈비집|고깃집(식당)|국밥집|닭강정|삼겹살집|삼겹살집(식당)|정육 소매|정육점|치킨집|한우식당,query_set_v004,active
q_정육_15,삼겹살 사서 집에서 구워먹기,train,정육,T4 구어·문장,식료품 중 '정육'을 판매·제공하는 매장,고기|고깃간|식육점|정육|정육점|축산물|푸줏간|한우,갈비집|고깃집(식당)|국밥집|닭강정|삼겹살집|삼겹살집(식당)|정육 소매|정육점|치킨집|한우식당,query_set_v004,active
q_정육_16,생고기 사는 데,train,정육,T4 구어·문장,식료품 중 '정육'을 판매·제공하는 매장,고기|고깃간|식육점|정육|정육점|축산물|푸줏간|한우,갈비집|고깃집(식당)|국밥집|닭강정|삼겹살집|삼겹살집(식당)|정육 소매|정육점|치킨집|한우식당,query_set_v004,active
q_정육_17,생닭,train,정육,T4 구어·문장,식료품 중 '정육'을 판매·제공하는 매장,고기|고깃간|식육점|정육|정육점|축산물|푸줏간|한우,갈비집|고깃집(식당)|국밥집|닭강정|삼겹살집|삼겹살집(식당)|정육 소매|정육점|치킨집|한우식당,query_set_v004,active
q_정육_18,생닭 사는 곳,train,정육,T4 구어·문장,식료품 중 '정육'을 판매·제공하는 매장,고기|고깃간|식육점|정육|정육점|축산물|푸줏간|한우,갈비집|고깃집(식당)|국밥집|닭강정|삼겹살집|삼겹살집(식당)|정육 소매|정육점|치킨집|한우식당,query_set_v004,active
q_정육_19,한우 먹을 수 있는 식당,train,정육,T4 구어·문장,식료품 중 '정육'을 판매·제공하는 매장,고기|고깃간|식육점|정육|정육점|축산물|푸줏간|한우,갈비집|고깃집(식당)|국밥집|닭강정|삼겹살집|삼겹살집(식당)|정육 소매|정육점|치킨집|한우식당,query_set_v004,active
q_정육_20,한우 정육점,train,정육,T4 구어·문장,식료품 중 '정육'을 판매·제공하는 매장,고기|고깃간|식육점|정육|정육점|축산물|푸줏간|한우,갈비집|고깃집(식당)|국밥집|닭강정|삼겹살집|삼겹살집(식당)|정육 소매|정육점|치킨집|한우식당,query_set_v004,active
q_정육_21,정육추천,train,정육,T6 기계변형,식료품 중 '정육'을 판매·제공하는 매장,고기|고깃간|식육점|정육|정육점|축산물|푸줏간|한우,갈비집|고깃집(식당)|국밥집|닭강정|삼겹살집|삼겹살집(식당)|정육 소매|정육점|치킨집|한우식당,query_set_v004,active
q_정육_22,정윧,train,정육,T6 기계변형,식료품 중 '정육'을 판매·제공하는 매장,고기|고깃간|식육점|정육|정육점|축산물|푸줏간|한우,갈비집|고깃집(식당)|국밥집|닭강정|삼겹살집|삼겹살집(식당)|정육 소매|정육점|치킨집|한우식당,query_set_v004,active
q_족발_01,배달,val,족발,T2 동의어,음식점 중 '족발'을 판매·제공하는 매장,배달|보쌈|야식,정육점,query_set_v004,active
q_족발_02,보쌈,val,족발,T2 동의어,음식점 중 '족발'을 판매·제공하는 매장,배달|보쌈|야식,정육점,query_set_v004,active
q_족발_03,야식,val,족발,T2 동의어,음식점 중 '족발'을 판매·제공하는 매장,배달|보쌈|야식,정육점,query_set_v004,active
q_족발_04,족발,val,족발,T4 구어·문장,음식점 중 '족발'을 판매·제공하는 매장,배달|보쌈|야식,정육점,query_set_v004,active
q_족발_05,족발추천,val,족발,T6 기계변형,음식점 중 '족발'을 판매·제공하는 매장,배달|보쌈|야식,정육점,query_set_v004,active
q_족발_06,족방,val,족발,T6 기계변형,음식점 중 '족발'을 판매·제공하는 매장,배달|보쌈|야식,정육점,query_set_v004,active
q_종교용품_01,불교용품,test,종교용품,T3 개념확장,문화·여가 중 '종교용품'을 판매·제공하는 매장,,일반 잡화|일반마트,query_set_v004,active
q_종교용품_02,제사용품 사는 곳,test,종교용품,T4 구어·문장,문화·여가 중 '종교용품'을 판매·제공하는 매장,,일반 잡화|일반마트,query_set_v004,active
q_주류_01,주류,train,주류,T1 정확표기,음식점 중 '주류'를 판매·제공하는 매장,맥주|주류|주점|호프,주점|호프집,query_set_v004,active
q_주류_02,맥주,train,주류,T2 동의어,음식점 중 '주류'를 판매·제공하는 매장,맥주|주류|주점|호프,주점|호프집,query_set_v004,active
q_주류_03,주점,train,주류,T2 동의어,음식점 중 '주류'를 판매·제공하는 매장,맥주|주류|주점|호프,주점|호프집,query_set_v004,active
q_주류_04,호프,train,주류,T2 동의어,음식점 중 '주류'를 판매·제공하는 매장,맥주|주류|주점|호프,주점|호프집,query_set_v004,active
q_주류_05,술 사는 곳,train,주류,T4 구어·문장,음식점 중 '주류'를 판매·제공하는 매장,맥주|주류|주점|호프,주점|호프집,query_set_v004,active
q_주류_06,주류추천,train,주류,T6 기계변형,음식점 중 '주류'를 판매·제공하는 매장,맥주|주류|주점|호프,주점|호프집,query_set_v004,active
q_주류_07,주유,train,주류,T6 기계변형,음식점 중 '주류'를 판매·제공하는 매장,맥주|주류|주점|호프,주점|호프집,query_set_v004,active
q_주방용품_01,그릇,test,주방용품,T2 동의어,생활·마트 중 '주방용품'을 판매·제공하는 매장,그릇|도자기|식기,음식점,query_set_v004,active
q_주방용품_02,도자기,test,주방용품,T2 동의어,생활·마트 중 '주방용품'을 판매·제공하는 매장,그릇|도자기|식기,음식점,query_set_v004,active
q_주방용품_03,식기,test,주방용품,T2 동의어,생활·마트 중 '주방용품'을 판매·제공하는 매장,그릇|도자기|식기,음식점,query_set_v004,active
q_주방용품_04,주방용품,test,주방용품,T3 개념확장,생활·마트 중 '주방용품'을 판매·제공하는 매장,그릇|도자기|식기,음식점,query_set_v004,active
q_주방용품_05,주방 용품,test,주방용품,T6 기계변형,생활·마트 중 '주방용품'을 판매·제공하는 매장,그릇|도자기|식기,음식점,query_set_v004,active
q_주방용품_06,주방용푼,test,주방용품,T6 기계변형,생활·마트 중 '주방용품'을 판매·제공하는 매장,그릇|도자기|식기,음식점,query_set_v004,active
q_주유소_01,기름 넣는 곳,test,주유소,T2 동의어,생활서비스 중 '주유소'를 판매·제공하는 매장,기름 넣는 곳|주유소,,query_set_v004,active
q_주유소_02,기름 넣으러 갈 데,test,주유소,T4 구어·문장,생활서비스 중 '주유소'를 판매·제공하는 매장,기름 넣는 곳|주유소,,query_set_v004,active
q_주유소_03,차에 기름 넣을 수 있는 곳,test,주유소,T4 구어·문장,생활서비스 중 '주유소'를 판매·제공하는 매장,기름 넣는 곳|주유소,,query_set_v004,active
q_주유소_04,주유소,test,주유소,T1 정확표기,생활서비스 중 '주유소'를 판매·제공하는 매장,기름 넣는 곳|주유소,,query_set_v004,active
q_중식_01,중식,test,중식,T1 정확표기,음식점 중 '중식'을 판매·제공하는 매장,중국집|중식|중화요리|짬뽕|탕수육,,query_set_v004,active
q_중식_02,중국집,test,중식,T2 동의어,음식점 중 '중식'을 판매·제공하는 매장,중국집|중식|중화요리|짬뽕|탕수육,,query_set_v004,active
q_중식_03,중화요리,test,중식,T2 동의어,음식점 중 '중식'을 판매·제공하는 매장,중국집|중식|중화요리|짬뽕|탕수육,,query_set_v004,active
q_중식_04,짬뽕,test,중식,T2 동의어,음식점 중 '중식'을 판매·제공하는 매장,중국집|중식|중화요리|짬뽕|탕수육,,query_set_v004,active
q_중식_05,탕수육,test,중식,T2 동의어,음식점 중 '중식'을 판매·제공하는 매장,중국집|중식|중화요리|짬뽕|탕수육,,query_set_v004,active
q_중식_06,중국요리 먹을 곳,test,중식,T4 구어·문장,음식점 중 '중식'을 판매·제공하는 매장,중국집|중식|중화요리|짬뽕|탕수육,,query_set_v004,active
q_중식_07,중국음식 먹을 데,test,중식,T4 구어·문장,음식점 중 '중식'을 판매·제공하는 매장,중국집|중식|중화요리|짬뽕|탕수육,,query_set_v004,active
q_중식_08,중식추천,test,중식,T6 기계변형,음식점 중 '중식'을 판매·제공하는 매장,중국집|중식|중화요리|짬뽕|탕수육,,query_set_v004,active
q_중식_09,중싣,test,중식,T6 기계변형,음식점 중 '중식'을 판매·제공하는 매장,중국집|중식|중화요리|짬뽕|탕수육,,query_set_v004,active
q_철물_01,철물,train,철물,T1 정확표기,생활·마트 중 '철물'을 판매·제공하는 매장,건축자재|공구점|철물|철물점|페인트,인테리어|인테리어 시공,query_set_v004,active
q_철물_02,건축자재,train,철물,T2 동의어,생활·마트 중 '철물'을 판매·제공하는 매장,건축자재|공구점|철물|철물점|페인트,인테리어|인테리어 시공,query_set_v004,active
q_철물_03,공구점,train,철물,T2 동의어,생활·마트 중 '철물'을 판매·제공하는 매장,건축자재|공구점|철물|철물점|페인트,인테리어|인테리어 시공,query_set_v004,active
q_철물_04,철물점,train,철물,T2 동의어,생활·마트 중 '철물'을 판매·제공하는 매장,건축자재|공구점|철물|철물점|페인트,인테리어|인테리어 시공,query_set_v004,active
q_철물_05,페인트,train,철물,T2 동의어,생활·마트 중 '철물'을 판매·제공하는 매장,건축자재|공구점|철물|철물점|페인트,인테리어|인테리어 시공,query_set_v004,active
q_철물_06,공구 살 데,train,철물,T4 구어·문장,생활·마트 중 '철물'을 판매·제공하는 매장,건축자재|공구점|철물|철물점|페인트,인테리어|인테리어 시공,query_set_v004,active
q_철물_07,공구 파는 곳,train,철물,T4 구어·문장,생활·마트 중 '철물'을 판매·제공하는 매장,건축자재|공구점|철물|철물점|페인트,인테리어|인테리어 시공,query_set_v004,active
q_철물_08,나사 사려면,train,철물,T4 구어·문장,생활·마트 중 '철물'을 판매·제공하는 매장,건축자재|공구점|철물|철물점|페인트,인테리어|인테리어 시공,query_set_v004,active
q_철물_09,철물추천,train,철물,T6 기계변형,생활·마트 중 '철물'을 판매·제공하는 매장,건축자재|공구점|철물|철물점|페인트,인테리어|인테리어 시공,query_set_v004,active
q_철물_10,철뭉,train,철물,T6 기계변형,생활·마트 중 '철물'을 판매·제공하는 매장,건축자재|공구점|철물|철물점|페인트,인테리어|인테리어 시공,query_set_v004,active
q_치과_01,치과,test,치과,T1 정확표기,건강·의료 중 '치과'를 판매·제공하는 매장,교정|임플란트|치과|치과의원|치아,,query_set_v004,active
q_치과_02,교정,test,치과,T2 동의어,건강·의료 중 '치과'를 판매·제공하는 매장,교정|임플란트|치과|치과의원|치아,,query_set_v004,active
q_치과_03,임플란트,test,치과,T2 동의어,건강·의료 중 '치과'를 판매·제공하는 매장,교정|임플란트|치과|치과의원|치아,,query_set_v004,active
q_치과_04,치과의원,test,치과,T2 동의어,건강·의료 중 '치과'를 판매·제공하는 매장,교정|임플란트|치과|치과의원|치아,,query_set_v004,active
q_치과_05,치아,test,치과,T2 동의어,건강·의료 중 '치과'를 판매·제공하는 매장,교정|임플란트|치과|치과의원|치아,,query_set_v004,active
q_치과_06,이빨 아플 때 가는 곳,test,치과,T4 구어·문장,건강·의료 중 '치과'를 판매·제공하는 매장,교정|임플란트|치과|치과의원|치아,,query_set_v004,active
q_치과_07,치아 치료하는 곳,test,치과,T4 구어·문장,건강·의료 중 '치과'를 판매·제공하는 매장,교정|임플란트|치과|치과의원|치아,,query_set_v004,active
q_치과_08,치과추천,test,치과,T6 기계변형,건강·의료 중 '치과'를 판매·제공하는 매장,교정|임플란트|치과|치과의원|치아,,query_set_v004,active
q_치과_09,치돠,test,치과,T6 기계변형,건강·의료 중 '치과'를 판매·제공하는 매장,교정|임플란트|치과|치과의원|치아,,query_set_v004,active
q_치킨_01,치킨,train,치킨,T1 정확표기,음식점 중 '치킨'을 판매·제공하는 매장,닭강정|양념치킨|치킨|통닭,생닭 판매점,query_set_v004,active
q_치킨_02,닭강정,train,치킨,T2 동의어,음식점 중 '치킨'을 판매·제공하는 매장,닭강정|양념치킨|치킨|통닭,생닭 판매점,query_set_v004,active
q_치킨_03,양념치킨,train,치킨,T2 동의어,음식점 중 '치킨'을 판매·제공하는 매장,닭강정|양념치킨|치킨|통닭,생닭 판매점,query_set_v004,active
q_치킨_04,통닭,train,치킨,T2 동의어,음식점 중 '치킨'을 판매·제공하는 매장,닭강정|양념치킨|치킨|통닭,생닭 판매점,query_set_v004,active
q_치킨_05,닭튀김 파는 곳,train,치킨,T4 구어·문장,음식점 중 '치킨'을 판매·제공하는 매장,닭강정|양념치킨|치킨|통닭,생닭 판매점,query_set_v004,active
q_치킨_06,치킨 먹을 곳,train,치킨,T4 구어·문장,음식점 중 '치킨'을 판매·제공하는 매장,닭강정|양념치킨|치킨|통닭,생닭 판매점,query_set_v004,active
q_치킨_07,치킨 먹을 데,train,치킨,T4 구어·문장,음식점 중 '치킨'을 판매·제공하는 매장,닭강정|양념치킨|치킨|통닭,생닭 판매점,query_set_v004,active
q_치킨_08,치킨추천,train,치킨,T6 기계변형,음식점 중 '치킨'을 판매·제공하는 매장,닭강정|양념치킨|치킨|통닭,생닭 판매점,query_set_v004,active
q_치킨_09,치킴,train,치킨,T6 기계변형,음식점 중 '치킨'을 판매·제공하는 매장,닭강정|양념치킨|치킨|통닭,생닭 판매점,query_set_v004,active
q_침구_01,침구,test,침구,T1 정확표기,생활·마트 중 '침구'를 판매·제공하는 매장,이불|이불가게|침구|침구류|커튼,세탁소|이불빨래,query_set_v004,active
q_침구_02,이불,test,침구,T2 동의어,생활·마트 중 '침구'를 판매·제공하는 매장,이불|이불가게|침구|침구류|커튼,세탁소|이불빨래,query_set_v004,active
q_침구_03,이불가게,test,침구,T2 동의어,생활·마트 중 '침구'를 판매·제공하는 매장,이불|이불가게|침구|침구류|커튼,세탁소|이불빨래,query_set_v004,active
q_침구_04,침구류,test,침구,T2 동의어,생활·마트 중 '침구'를 판매·제공하는 매장,이불|이불가게|침구|침구류|커튼,세탁소|이불빨래,query_set_v004,active
q_침구_05,커튼,test,침구,T2 동의어,생활·마트 중 '침구'를 판매·제공하는 매장,이불|이불가게|침구|침구류|커튼,세탁소|이불빨래,query_set_v004,active
q_침구_06,이불 사려면,test,침구,T4 구어·문장,생활·마트 중 '침구'를 판매·제공하는 매장,이불|이불가게|침구|침구류|커튼,세탁소|이불빨래,query_set_v004,active
q_침구_07,이불 파는 곳,test,침구,T4 구어·문장,생활·마트 중 '침구'를 판매·제공하는 매장,이불|이불가게|침구|침구류|커튼,세탁소|이불빨래,query_set_v004,active
q_침구_08,침구 사는 데,test,침구,T4 구어·문장,생활·마트 중 '침구'를 판매·제공하는 매장,이불|이불가게|침구|침구류|커튼,세탁소|이불빨래,query_set_v004,active
q_침구_09,침구추천,test,침구,T6 기계변형,생활·마트 중 '침구'를 판매·제공하는 매장,이불|이불가게|침구|침구류|커튼,세탁소|이불빨래,query_set_v004,active
q_침구_10,침두,test,침구,T6 기계변형,생활·마트 중 '침구'를 판매·제공하는 매장,이불|이불가게|침구|침구류|커튼,세탁소|이불빨래,query_set_v004,active
q_칼국수_01,국수,test,칼국수,T1 정확표기,음식점 중 '칼국수'를 판매·제공하는 매장,국수|국수집|손칼국수|수제비|잔치국수|칼국수,,query_set_v004,active
q_칼국수_02,칼국수,test,칼국수,T1 정확표기,음식점 중 '칼국수'를 판매·제공하는 매장,국수|국수집|손칼국수|수제비|잔치국수|칼국수,,query_set_v004,active
q_칼국수_03,국수집,test,칼국수,T2 동의어,음식점 중 '칼국수'를 판매·제공하는 매장,국수|국수집|손칼국수|수제비|잔치국수|칼국수,,query_set_v004,active
q_칼국수_04,손칼국수,test,칼국수,T2 동의어,음식점 중 '칼국수'를 판매·제공하는 매장,국수|국수집|손칼국수|수제비|잔치국수|칼국수,,query_set_v004,active
q_칼국수_05,수제비,test,칼국수,T2 동의어,음식점 중 '칼국수'를 판매·제공하는 매장,국수|국수집|손칼국수|수제비|잔치국수|칼국수,,query_set_v004,active
q_칼국수_06,잔치국수,test,칼국수,T2 동의어,음식점 중 '칼국수'를 판매·제공하는 매장,국수|국수집|손칼국수|수제비|잔치국수|칼국수,,query_set_v004,active
q_칼국수_07,면요리 먹을 곳,test,칼국수,T4 구어·문장,음식점 중 '칼국수'를 판매·제공하는 매장,국수|국수집|손칼국수|수제비|잔치국수|칼국수,,query_set_v004,active
q_칼국수_08,면요리 먹을 데,test,칼국수,T4 구어·문장,음식점 중 '칼국수'를 판매·제공하는 매장,국수|국수집|손칼국수|수제비|잔치국수|칼국수,,query_set_v004,active
q_칼국수_09,칼국구,test,칼국수,T6 기계변형,음식점 중 '칼국수'를 판매·제공하는 매장,국수|국수집|손칼국수|수제비|잔치국수|칼국수,,query_set_v004,active
q_칼국수_10,칼국수추천,test,칼국수,T6 기계변형,음식점 중 '칼국수'를 판매·제공하는 매장,국수|국수집|손칼국수|수제비|잔치국수|칼국수,,query_set_v004,active
q_커피_01,커피,train,커피,T1 정확표기,카페·디저트 중 '커피'를 판매·제공하는 매장,음료|카페|카페 가고싶어|커피|커피숍|커피전문점,과일가게|일반 카페|카페(음료)|커피 도매,query_set_v004,active
q_커피_02,음료,train,커피,T2 동의어,카페·디저트 중 '커피'를 판매·제공하는 매장,음료|카페|카페 가고싶어|커피|커피숍|커피전문점,과일가게|일반 카페|카페(음료)|커피 도매,query_set_v004,active
q_커피_03,카페,train,커피,T2 동의어,카페·디저트 중 '커피'를 판매·제공하는 매장,음료|카페|카페 가고싶어|커피|커피숍|커피전문점,과일가게|일반 카페|카페(음료)|커피 도매,query_set_v004,active
q_커피_04,카페 가고싶어,train,커피,T2 동의어,카페·디저트 중 '커피'를 판매·제공하는 매장,음료|카페|카페 가고싶어|커피|커피숍|커피전문점,과일가게|일반 카페|카페(음료)|커피 도매,query_set_v004,active
q_커피_05,커피숍,train,커피,T2 동의어,카페·디저트 중 '커피'를 판매·제공하는 매장,음료|카페|카페 가고싶어|커피|커피숍|커피전문점,과일가게|일반 카페|카페(음료)|커피 도매,query_set_v004,active
q_커피_06,커피전문점,train,커피,T2 동의어,카페·디저트 중 '커피'를 판매·제공하는 매장,음료|카페|카페 가고싶어|커피|커피숍|커피전문점,과일가게|일반 카페|카페(음료)|커피 도매,query_set_v004,active
q_커피_07,디저트,train,커피,T3 개념확장,카페·디저트 중 '커피'를 판매·제공하는 매장,음료|카페|카페 가고싶어|커피|커피숍|커피전문점,과일가게|일반 카페|카페(음료)|커피 도매,query_set_v004,active
q_커피_08,아메리카노,train,커피,T3 개념확장,카페·디저트 중 '커피'를 판매·제공하는 매장,음료|카페|카페 가고싶어|커피|커피숍|커피전문점,과일가게|일반 카페|카페(음료)|커피 도매,query_set_v004,active
q_커피_09,생과일주스 마실 곳,train,커피,T4 구어·문장,카페·디저트 중 '커피'를 판매·제공하는 매장,음료|카페|카페 가고싶어|커피|커피숍|커피전문점,과일가게|일반 카페|카페(음료)|커피 도매,query_set_v004,active
q_커피_10,원두 사는 곳,train,커피,T4 구어·문장,카페·디저트 중 '커피'를 판매·제공하는 매장,음료|카페|카페 가고싶어|커피|커피숍|커피전문점,과일가게|일반 카페|카페(음료)|커피 도매,query_set_v004,active
q_커피_11,커피 마실 곳,train,커피,T4 구어·문장,카페·디저트 중 '커피'를 판매·제공하는 매장,음료|카페|카페 가고싶어|커피|커피숍|커피전문점,과일가게|일반 카페|카페(음료)|커피 도매,query_set_v004,active
q_커피_12,커피 원두 사는 곳,train,커피,T4 구어·문장,카페·디저트 중 '커피'를 판매·제공하는 매장,음료|카페|카페 가고싶어|커피|커피숍|커피전문점,과일가게|일반 카페|카페(음료)|커피 도매,query_set_v004,active
q_커피_13,커피 한잔할 데,train,커피,T4 구어·문장,카페·디저트 중 '커피'를 판매·제공하는 매장,음료|카페|카페 가고싶어|커피|커피숍|커피전문점,과일가게|일반 카페|카페(음료)|커피 도매,query_set_v004,active
q_커피_14,커치,train,커피,T6 기계변형,카페·디저트 중 '커피'를 판매·제공하는 매장,음료|카페|카페 가고싶어|커피|커피숍|커피전문점,과일가게|일반 카페|카페(음료)|커피 도매,query_set_v004,active
q_커피_15,커피추천,train,커피,T6 기계변형,카페·디저트 중 '커피'를 판매·제공하는 매장,음료|카페|카페 가고싶어|커피|커피숍|커피전문점,과일가게|일반 카페|카페(음료)|커피 도매,query_set_v004,active
q_편의점_01,편의점,val,편의점,T1 정확표기,생활·마트 중 '편의점'을 판매·제공하는 매장,마트|슈퍼|편의점|편의점 매장,명품잡화,query_set_v004,active
q_편의점_02,마트,val,편의점,T2 동의어,생활·마트 중 '편의점'을 판매·제공하는 매장,마트|슈퍼|편의점|편의점 매장,명품잡화,query_set_v004,active
q_편의점_03,슈퍼,val,편의점,T2 동의어,생활·마트 중 '편의점'을 판매·제공하는 매장,마트|슈퍼|편의점|편의점 매장,명품잡화,query_set_v004,active
q_편의점_04,편의점 매장,val,편의점,T2 동의어,생활·마트 중 '편의점'을 판매·제공하는 매장,마트|슈퍼|편의점|편의점 매장,명품잡화,query_set_v004,active
q_편의점_05,생활용품,val,편의점,T3 개념확장,생활·마트 중 '편의점'을 판매·제공하는 매장,마트|슈퍼|편의점|편의점 매장,명품잡화,query_set_v004,active
q_편의점_06,편의점 갈 데,val,편의점,T4 구어·문장,생활·마트 중 '편의점'을 판매·제공하는 매장,마트|슈퍼|편의점|편의점 매장,명품잡화,query_set_v004,active
q_편의점_07,편의점 찾는 곳,val,편의점,T4 구어·문장,생활·마트 중 '편의점'을 판매·제공하는 매장,마트|슈퍼|편의점|편의점 매장,명품잡화,query_set_v004,active
q_편의점_08,편의전,val,편의점,T6 기계변형,생활·마트 중 '편의점'을 판매·제공하는 매장,마트|슈퍼|편의점|편의점 매장,명품잡화,query_set_v004,active
q_편의점_09,편의점추천,val,편의점,T6 기계변형,생활·마트 중 '편의점'을 판매·제공하는 매장,마트|슈퍼|편의점|편의점 매장,명품잡화,query_set_v004,active
q_피부관리_01,피부관리,test,피부관리,T1 정확표기,뷰티·미용 중 '피부관리'를 판매·제공하는 매장,속눈썹|에스테틱|왁싱|피부관리,화장품|화장품 판매,query_set_v004,active
q_피부관리_02,속눈썹,test,피부관리,T2 동의어,뷰티·미용 중 '피부관리'를 판매·제공하는 매장,속눈썹|에스테틱|왁싱|피부관리,화장품|화장품 판매,query_set_v004,active
q_피부관리_03,에스테틱,test,피부관리,T2 동의어,뷰티·미용 중 '피부관리'를 판매·제공하는 매장,속눈썹|에스테틱|왁싱|피부관리,화장품|화장품 판매,query_set_v004,active
q_피부관리_04,왁싱,test,피부관리,T2 동의어,뷰티·미용 중 '피부관리'를 판매·제공하는 매장,속눈썹|에스테틱|왁싱|피부관리,화장품|화장품 판매,query_set_v004,active
q_피부관리_05,속눈썹 연장,test,피부관리,T5 서비스,뷰티·미용 중 '피부관리'를 판매·제공하는 매장,속눈썹|에스테틱|왁싱|피부관리,화장품|화장품 판매,query_set_v004,active
q_피부관리_06,피부관리 받는 곳,test,피부관리,T5 서비스,뷰티·미용 중 '피부관리'를 판매·제공하는 매장,속눈썹|에스테틱|왁싱|피부관리,화장품|화장품 판매,query_set_v004,active
q_피부관리_07,피부 관리,test,피부관리,T6 기계변형,뷰티·미용 중 '피부관리'를 판매·제공하는 매장,속눈썹|에스테틱|왁싱|피부관리,화장품|화장품 판매,query_set_v004,active
q_피부관리_08,피부관이,test,피부관리,T6 기계변형,뷰티·미용 중 '피부관리'를 판매·제공하는 매장,속눈썹|에스테틱|왁싱|피부관리,화장품|화장품 판매,query_set_v004,active
q_피자_01,피자,train,피자,T1 정확표기,음식점 중 '피자'를 판매·제공하는 매장,도우|치즈|피자|피자집,,query_set_v004,active
q_피자_02,도우,train,피자,T2 동의어,음식점 중 '피자'를 판매·제공하는 매장,도우|치즈|피자|피자집,,query_set_v004,active
q_피자_03,치즈,train,피자,T2 동의어,음식점 중 '피자'를 판매·제공하는 매장,도우|치즈|피자|피자집,,query_set_v004,active
q_피자_04,피자집,train,피자,T2 동의어,음식점 중 '피자'를 판매·제공하는 매장,도우|치즈|피자|피자집,,query_set_v004,active
q_피자_05,피자 먹을 데,train,피자,T4 구어·문장,음식점 중 '피자'를 판매·제공하는 매장,도우|치즈|피자|피자집,,query_set_v004,active
q_피자_06,피자 파는 곳,train,피자,T4 구어·문장,음식점 중 '피자'를 판매·제공하는 매장,도우|치즈|피자|피자집,,query_set_v004,active
q_피자_07,피바,train,피자,T6 기계변형,음식점 중 '피자'를 판매·제공하는 매장,도우|치즈|피자|피자집,,query_set_v004,active
q_피자_08,피자추천,train,피자,T6 기계변형,음식점 중 '피자'를 판매·제공하는 매장,도우|치즈|피자|피자집,,query_set_v004,active
q_한복_01,한복,test,한복,T4 구어·문장,패션·잡화 중 '한복'을 판매·제공하는 매장,,웨딩|한복대여,query_set_v004,active
q_한복_02,한복 맞추는 곳,test,한복,T4 구어·문장,패션·잡화 중 '한복'을 판매·제공하는 매장,,웨딩|한복대여,query_set_v004,active
q_한식_01,한식,train,한식,T1 정확표기,음식점 중 '한식'을 판매·제공하는 매장,국밥|밥집|식당|찌개|한식|한식집,급식업체|김치 판매점|도시락|반찬가게|일반 한식,query_set_v004,active
q_한식_02,국밥,train,한식,T2 동의어,음식점 중 '한식'을 판매·제공하는 매장,국밥|밥집|식당|찌개|한식|한식집,급식업체|김치 판매점|도시락|반찬가게|일반 한식,query_set_v004,active
q_한식_03,밥집,train,한식,T2 동의어,음식점 중 '한식'을 판매·제공하는 매장,국밥|밥집|식당|찌개|한식|한식집,급식업체|김치 판매점|도시락|반찬가게|일반 한식,query_set_v004,active
q_한식_04,식당,train,한식,T2 동의어,음식점 중 '한식'을 판매·제공하는 매장,국밥|밥집|식당|찌개|한식|한식집,급식업체|김치 판매점|도시락|반찬가게|일반 한식,query_set_v004,active
q_한식_05,찌개,train,한식,T2 동의어,음식점 중 '한식'을 판매·제공하는 매장,국밥|밥집|식당|찌개|한식|한식집,급식업체|김치 판매점|도시락|반찬가게|일반 한식,query_set_v004,active
q_한식_06,한식집,train,한식,T2 동의어,음식점 중 '한식'을 판매·제공하는 매장,국밥|밥집|식당|찌개|한식|한식집,급식업체|김치 판매점|도시락|반찬가게|일반 한식,query_set_v004,active
q_한식_07,김치찌개,train,한식,T3 개념확장,음식점 중 '한식'을 판매·제공하는 매장,국밥|밥집|식당|찌개|한식|한식집,급식업체|김치 판매점|도시락|반찬가게|일반 한식,query_set_v004,active
q_한식_08,추어탕,train,한식,T3 개념확장,음식점 중 '한식'을 판매·제공하는 매장,국밥|밥집|식당|찌개|한식|한식집,급식업체|김치 판매점|도시락|반찬가게|일반 한식,query_set_v004,active
q_한식_09,밥 먹을 한식집,train,한식,T4 구어·문장,음식점 중 '한식'을 판매·제공하는 매장,국밥|밥집|식당|찌개|한식|한식집,급식업체|김치 판매점|도시락|반찬가게|일반 한식,query_set_v004,active
q_한식_10,한식 먹을 곳,train,한식,T4 구어·문장,음식점 중 '한식'을 판매·제공하는 매장,국밥|밥집|식당|찌개|한식|한식집,급식업체|김치 판매점|도시락|반찬가게|일반 한식,query_set_v004,active
q_한식_11,한식추천,train,한식,T6 기계변형,음식점 중 '한식'을 판매·제공하는 매장,국밥|밥집|식당|찌개|한식|한식집,급식업체|김치 판매점|도시락|반찬가게|일반 한식,query_set_v004,active
q_한식_12,한싣,train,한식,T6 기계변형,음식점 중 '한식'을 판매·제공하는 매장,국밥|밥집|식당|찌개|한식|한식집,급식업체|김치 판매점|도시락|반찬가게|일반 한식,query_set_v004,active
q_한의원_01,한의원,test,한의원,T1 정확표기,건강·의료 중 '한의원'을 판매·제공하는 매장,추나|한방|한방 진료|한약|한의원,,query_set_v004,active
q_한의원_02,추나,test,한의원,T2 동의어,건강·의료 중 '한의원'을 판매·제공하는 매장,추나|한방|한방 진료|한약|한의원,,query_set_v004,active
q_한의원_03,한방,test,한의원,T2 동의어,건강·의료 중 '한의원'을 판매·제공하는 매장,추나|한방|한방 진료|한약|한의원,,query_set_v004,active
q_한의원_04,한방 진료,test,한의원,T2 동의어,건강·의료 중 '한의원'을 판매·제공하는 매장,추나|한방|한방 진료|한약|한의원,,query_set_v004,active
q_한의원_05,한약,test,한의원,T2 동의어,건강·의료 중 '한의원'을 판매·제공하는 매장,추나|한방|한방 진료|한약|한의원,,query_set_v004,active
q_한의원_06,침 맞는 곳,test,한의원,T4 구어·문장,건강·의료 중 '한의원'을 판매·제공하는 매장,추나|한방|한방 진료|한약|한의원,,query_set_v004,active
q_한의원_07,한방 치료 받는 데,test,한의원,T4 구어·문장,건강·의료 중 '한의원'을 판매·제공하는 매장,추나|한방|한방 진료|한약|한의원,,query_set_v004,active
q_한의원_08,한의원추천,test,한의원,T6 기계변형,건강·의료 중 '한의원'을 판매·제공하는 매장,추나|한방|한방 진료|한약|한의원,,query_set_v004,active
q_한의원_09,한의웜,test,한의원,T6 기계변형,건강·의료 중 '한의원'을 판매·제공하는 매장,추나|한방|한방 진료|한약|한의원,,query_set_v004,active
q_햄버거_01,햄버거,test,햄버거,T1 정확표기,음식점 중 '햄버거'를 판매·제공하는 매장,버거집|햄버거,,query_set_v004,active
q_햄버거_02,버거집,test,햄버거,T2 동의어,음식점 중 '햄버거'를 판매·제공하는 매장,버거집|햄버거,,query_set_v004,active
q_햄버거_03,버거 먹을 데,test,햄버거,T4 구어·문장,음식점 중 '햄버거'를 판매·제공하는 매장,버거집|햄버거,,query_set_v004,active
q_햄버거_04,햄버거 파는 곳,test,햄버거,T4 구어·문장,음식점 중 '햄버거'를 판매·제공하는 매장,버거집|햄버거,,query_set_v004,active
q_화장품_01,화장품,train,화장품,T1 정확표기,뷰티·미용 중 '화장품'을 판매·제공하는 매장,뷰티|스킨케어|코스메틱|화장품|화장품 가게,미용실(서비스),query_set_v004,active
q_화장품_02,뷰티,train,화장품,T2 동의어,뷰티·미용 중 '화장품'을 판매·제공하는 매장,뷰티|스킨케어|코스메틱|화장품|화장품 가게,미용실(서비스),query_set_v004,active
q_화장품_03,스킨케어,train,화장품,T2 동의어,뷰티·미용 중 '화장품'을 판매·제공하는 매장,뷰티|스킨케어|코스메틱|화장품|화장품 가게,미용실(서비스),query_set_v004,active
q_화장품_04,코스메틱,train,화장품,T2 동의어,뷰티·미용 중 '화장품'을 판매·제공하는 매장,뷰티|스킨케어|코스메틱|화장품|화장품 가게,미용실(서비스),query_set_v004,active
q_화장품_05,화장품 가게,train,화장품,T2 동의어,뷰티·미용 중 '화장품'을 판매·제공하는 매장,뷰티|스킨케어|코스메틱|화장품|화장품 가게,미용실(서비스),query_set_v004,active
q_화장품_06,샴푸,train,화장품,T3 개념확장,뷰티·미용 중 '화장품'을 판매·제공하는 매장,뷰티|스킨케어|코스메틱|화장품|화장품 가게,미용실(서비스),query_set_v004,active
q_화장품_07,화장품 사는 데,train,화장품,T4 구어·문장,뷰티·미용 중 '화장품'을 판매·제공하는 매장,뷰티|스킨케어|코스메틱|화장품|화장품 가게,미용실(서비스),query_set_v004,active
q_화장품_08,화장품 파는 곳,train,화장품,T4 구어·문장,뷰티·미용 중 '화장품'을 판매·제공하는 매장,뷰티|스킨케어|코스메틱|화장품|화장품 가게,미용실(서비스),query_set_v004,active
q_화장품_09,화장푼,train,화장품,T6 기계변형,뷰티·미용 중 '화장품'을 판매·제공하는 매장,뷰티|스킨케어|코스메틱|화장품|화장품 가게,미용실(서비스),query_set_v004,active
q_화장품_10,화장품추천,train,화장품,T6 기계변형,뷰티·미용 중 '화장품'을 판매·제공하는 매장,뷰티|스킨케어|코스메틱|화장품|화장품 가게,미용실(서비스),query_set_v004,active
q_휴대폰_01,휴대폰,train,휴대폰,T1 정확표기,생활서비스 중 '휴대폰'을 판매·제공하는 매장,대리점|통신|핸드폰 가게|휴대폰,휴대폰 판매만,query_set_v004,active
q_휴대폰_02,대리점,train,휴대폰,T2 동의어,생활서비스 중 '휴대폰'을 판매·제공하는 매장,대리점|통신|핸드폰 가게|휴대폰,휴대폰 판매만,query_set_v004,active
q_휴대폰_03,통신,train,휴대폰,T2 동의어,생활서비스 중 '휴대폰'을 판매·제공하는 매장,대리점|통신|핸드폰 가게|휴대폰,휴대폰 판매만,query_set_v004,active
q_휴대폰_04,핸드폰 가게,train,휴대폰,T2 동의어,생활서비스 중 '휴대폰'을 판매·제공하는 매장,대리점|통신|핸드폰 가게|휴대폰,휴대폰 판매만,query_set_v004,active
q_휴대폰_05,핸드폰 살 데,train,휴대폰,T4 구어·문장,생활서비스 중 '휴대폰'을 판매·제공하는 매장,대리점|통신|핸드폰 가게|휴대폰,휴대폰 판매만,query_set_v004,active
q_휴대폰_06,휴대폰 파는 곳,train,휴대폰,T4 구어·문장,생활서비스 중 '휴대폰'을 판매·제공하는 매장,대리점|통신|핸드폰 가게|휴대폰,휴대폰 판매만,query_set_v004,active
q_휴대폰_07,휴대폰 액정 수리,train,휴대폰,T5 서비스,생활서비스 중 '휴대폰'을 판매·제공하는 매장,대리점|통신|핸드폰 가게|휴대폰,휴대폰 판매만,query_set_v004,active
q_휴대폰_08,휴대폰추천,train,휴대폰,T6 기계변형,생활서비스 중 '휴대폰'을 판매·제공하는 매장,대리점|통신|핸드폰 가게|휴대폰,휴대폰 판매만,query_set_v004,active
q_휴대폰_09,휴대폼,train,휴대폰,T6 기계변형,생활서비스 중 '휴대폰'을 판매·제공하는 매장,대리점|통신|핸드폰 가게|휴대폰,휴대폰 판매만,query_set_v004,active
